{"stats":{"minecraft:picked_up":{"minecraft:wheat":3,"minecraft:feather":7,"minecraft:chicken":3,"minecraft:leather":13,"paraglider:spirit_orb":1,"minecraft:flint":1,"minecraft:string":1,"minecraft:dirt":7,"minecraft:bone":11,"untamedwilds:material_fat":4,"minecraft:wheat_seeds":18,"minecraft:gold_nugget":1,"minecraft:beef":10,"farmersdelight:straw":11,"dannys_expansion:yellow_spores":3,"minecraft:iron_nugget":1,"minecraft:acacia_sapling":9,"hexerei:animal_fat":4,"minecraft:stick":7,"minecraft:raw_iron":24,"untamedwilds:food_pachyderm_raw":4,"minecraft:acacia_log":26,"minecraft:dripstone_block":4,"minecraft:gravel":3,"epicfight:uchigatana":1,"simple_mobs:blighted_meat":2,"hexerei:sage_seed":8,"minecraft:arrow":10,"minecraft:rotten_flesh":3,"minecraft:stone_shovel":1,"minecraft:hay_block":59,"minecraft:granite":1,"minecraft:emerald":1,"minecraft:melon_seeds":2,"minecraft:mutton":2,"minecraft:coal":38,"minecraft:white_wool":1,"minecraft:cobblestone":31},"minecraft:crafted":{"sophisticatedbackpacks:backpack":1,"minecraft:crafting_table":1,"farmersdelight:iron_knife":1,"minecraft:wooden_pickaxe":1,"minecraft:iron_helmet":1,"minecraft:furnace":1,"minecraft:air":108,"quark:acacia_chest":2,"minecraft:iron_chestplate":1,"minecraft:string":4,"minecraft:iron_boots":1,"minecraft:shield":1,"minecraft:iron_axe":1,"minecraft:stick":16,"minecraft:iron_ingot":24,"minecraft:iron_pickaxe":1,"minecraft:stone_pickaxe":1,"minecraft:acacia_planks":40,"minecraft:torch":16,"minecraft:wheat":252,"farmersdelight:straw_bale":1},"minecraft:broken":{"minecraft:iron_boots":1,"jet_and_elias_armors:outrider_set_helmet":1},"minecraft:dropped":{"minecraft:bread":1,"hexerei:sage_seed":1,"minecraft:wheat_seeds":5,"epicfight:uchigatana":1,"minecraft:rotten_flesh":2,"minecraft:acacia_sapling":1,"minecraft:stone_pickaxe":1},"minecraft:used":{"farmersdelight:iron_knife":75,"minecraft:stone_shovel":4,"minecraft:stone_pickaxe":22,"minecraft:wooden_pickaxe":5,"minecraft:torch":7,"minecraft:dirt":5,"minecraft:spyglass":11,"minecraft:crafting_table":1,"quark:acacia_chest":1,"minecraft:iron_axe":8,"minecraft:bread":34,"minecraft:iron_pickaxe":84,"minecraft:gravel":3,"minecraft:cobblestone":1,"minecraft:furnace":1,"minecraft:cooked_beef":15,"epicfight:uchigatana":126},"minecraft:mined":{"minecraft:acacia_leaves":1,"minecraft:glow_lichen":1,"minecraft:granite":1,"minecraft:grass_block":3,"goblinsanddungeons:urn":1,"minecraft:hay_block":59,"minecraft:iron_ore":26,"treechop:chopped_log":3,"minecraft:grass":60,"minecraft:coal_ore":44,"minecraft:dirt_path":1,"minecraft:gravel":4,"minecraft:dripstone_block":4,"minecraft:dirt":3,"minecraft:cobweb":1,"minecraft:stone":31,"minecraft:infested_stone":1},"minecraft:custom":{"lootr:looted_stat":4,"minecraft:interact_with_furnace":11,"minecraft:mob_kills":40,"minecraft:interact_with_crafting_table":28,"minecraft:open_barrel":1,"minecraft:damage_dealt_resisted":90,"minecraft:leave_game":4,"minecraft:time_since_death":448,"minecraft:sleep_in_bed":7,"minecraft:climb_one_cm":1571,"minecraft:time_since_rest":494,"minecraft:waystone_activated":1,"champions:champion_mobs_killed":26,"minecraft:sprint_one_cm":624367,"minecraft:damage_taken":4341,"minecraft:walk_one_cm":1681708,"minecraft:drop":8,"minecraft:damage_dealt":7505,"minecraft:damage_dealt_absorbed":761,"minecraft:fly_one_cm":248251,"minecraft:open_chest":31,"minecraft:crouch_one_cm":10200,"minecraft:play_time":254179,"minecraft:deaths":9,"minecraft:sneak_time":1058,"minecraft:walk_under_water_one_cm":1731,"minecraft:jump":2479,"minecraft:walk_on_water_one_cm":23411,"minecraft:total_world_time":254179,"minecraft:fall_one_cm":31550},"minecraft:killed":{"untamedwilds:hyena":2,"untamedwilds:hippo":1,"simple_mobs:minotaur":1,"restored_earth:lobber_zombie":1,"simple_mobs:hobgob":1,"minecraft:spider":1,"minecraft:vindicator":1,"dannys_expansion:foamspring":1,"dannys_expansion:ghoul":1,"minecraft:sheep":1,"minecraft:zombie":5,"bloodandmadness:beast_patient":1,"goblinsanddungeons:garch":4,"minecraft:chicken":3,"minecraft:silverfish":1,"simple_mobs:goblo":2,"simple_mobs:gob":5,"minecraft:wither_skeleton":1,"creeperoverhaul:savannah_creeper":1,"restored_earth:bouldering_zombie":1,"minecraft:cow":5},"minecraft:killed_by":{"minecraft:vindicator":2,"simple_mobs:shade":1,"simple_mobs:rat_small":1,"dannys_expansion:ghoul":1,"simple_mobs:minotaur":3,"untamedwilds:hyena":1}},"DataVersion":2975}