{"stats":{"minecraft:picked_up":{"irons_spellbooks:scroll":1,"minecraft:coarse_dirt":21,"dawncraft:crystallized_xp":1,"minecraft:wheat":4,"minecraft:chicken":3,"minecraft:cooked_rabbit":1,"minecraft:acacia_pressure_plate":1,"minecraft:string":1,"minecraft:gold_nugget":1,"minecraft:beef":10,"farmersdelight:straw":11,"minecraft:iron_nugget":1,"minecraft:stick":12,"minecraft:raw_iron":29,"untamedwilds:food_pachyderm_raw":4,"minecraft:acacia_fence":1,"minecraft:acacia_log":42,"hexerei:sage_seed":8,"minecraft:cooked_cod":1,"minecraft:rotten_flesh":3,"minecraft:arrow":28,"minecraft:stone_shovel":1,"farmersdelight:onion":12,"minecraft:hay_block":59,"minecraft:mutton":2,"minecraft:skeleton_skull":2,"minecraft:white_wool":1,"minecraft:cobblestone":31,"minecraft:feather":7,"farmersdelight:onion_crate":1,"minecraft:cooked_beef":2,"minecraft:leather":13,"minecraft:acacia_wood":1,"paraglider:spirit_orb":1,"minecraft:flint":1,"minecraft:dirt":35,"minecraft:cooked_mutton":1,"minecraft:bone":11,"untamedwilds:material_fat":4,"minecraft:wheat_seeds":21,"dannys_expansion:yellow_spores":3,"minecraft:moss_block":1,"minecraft:acacia_sapling":10,"hexerei:animal_fat":4,"minecraft:cooked_porkchop":1,"minecraft:dandelion":1,"minecraft:dripstone_block":4,"minecraft:gravel":3,"epicfight:uchigatana":1,"simple_mobs:blighted_meat":2,"minecraft:green_carpet":1,"minecraft:granite":1,"minecraft:emerald":2,"minecraft:melon_seeds":3,"minecraft:coal":39},"minecraft:crafted":{"minecraft:furnace":1,"quark:acacia_chest":3,"minecraft:iron_boots":1,"minecraft:iron_axe":1,"minecraft:stone_pickaxe":1,"minecraft:wheat":252,"sophisticatedbackpacks:backpack":1,"minecraft:crafting_table":1,"farmersdelight:iron_knife":1,"minecraft:wooden_pickaxe":1,"minecraft:iron_helmet":1,"minecraft:air":172,"minecraft:string":4,"minecraft:iron_chestplate":1,"minecraft:shield":1,"minecraft:stick":16,"minecraft:iron_ingot":24,"minecraft:iron_pickaxe":1,"minecraft:torch":16,"minecraft:acacia_planks":40,"farmersdelight:straw_bale":1},"minecraft:broken":{"minecraft:chainmail_leggings":1,"minecraft:iron_boots":1,"minecraft:iron_helmet":1,"jet_and_elias_armors:outrider_set_helmet":1},"minecraft:dropped":{"minecraft:bread":1,"minecraft:wheat_seeds":5,"hexerei:sage_seed":1,"epicfight:uchigatana":1,"minecraft:rotten_flesh":2,"minecraft:melon_seeds":1,"minecraft:acacia_sapling":1,"minecraft:stone_pickaxe":1},"minecraft:used":{"minecraft:stone_shovel":63,"minecraft:torch":7,"minecraft:dirt":33,"minecraft:spyglass":12,"minecraft:iron_axe":26,"minecraft:furnace":1,"minecraft:cooked_beef":17,"minecraft:cooked_mutton":1,"farmersdelight:iron_knife":80,"minecraft:stone_pickaxe":22,"minecraft:wooden_pickaxe":5,"minecraft:crafting_table":1,"quark:acacia_chest":2,"minecraft:bread":41,"minecraft:iron_pickaxe":94,"minecraft:gravel":3,"minecraft:green_carpet":1,"minecraft:cobblestone":1,"minecraft:cooked_porkchop":1,"minecraft:cooked_rabbit":1,"minecraft:coarse_dirt":21,"epicfight:uchigatana":234,"minecraft:pillager_spawn_egg":15,"minecraft:experience_bottle":2},"minecraft:mined":{"minecraft:glow_lichen":1,"minecraft:granite":1,"minecraft:grass_block":14,"minecraft:moss_block":1,"minecraft:acacia_pressure_plate":1,"goblinsanddungeons:urn":1,"minecraft:hay_block":59,"minecraft:iron_ore":31,"minecraft:acacia_wood":1,"treechop:chopped_log":5,"minecraft:dirt_path":3,"minecraft:green_carpet":1,"minecraft:stone":31,"minecraft:acacia_leaves":1,"minecraft:skeleton_skull":2,"minecraft:coarse_dirt":25,"minecraft:grass":80,"minecraft:coal_ore":45,"minecraft:acacia_fence":1,"minecraft:dripstone_block":4,"minecraft:gravel":4,"minecraft:dirt":21,"minecraft:cobweb":1,"minecraft:infested_stone":1},"minecraft:custom":{"lootr:looted_stat":8,"minecraft:mob_kills":57,"minecraft:interact_with_crafting_table":32,"minecraft:open_barrel":1,"minecraft:damage_dealt_resisted":1795,"minecraft:leave_game":6,"minecraft:time_since_death":141,"minecraft:climb_one_cm":1571,"champions:champion_mobs_killed":42,"minecraft:sprint_one_cm":888987,"minecraft:walk_one_cm":2255261,"minecraft:drop":9,"minecraft:damage_dealt_absorbed":1012,"minecraft:play_time":327963,"minecraft:deaths":26,"minecraft:sneak_time":2195,"minecraft:walk_under_water_one_cm":1731,"minecraft:jump":3196,"minecraft:walk_on_water_one_cm":23741,"minecraft:total_world_time":327963,"minecraft:interact_with_furnace":11,"minecraft:sleep_in_bed":13,"minecraft:time_since_rest":181,"minecraft:waystone_activated":1,"minecraft:damage_taken":8480,"minecraft:damage_dealt":11869,"minecraft:fly_one_cm":359659,"minecraft:open_chest":38,"minecraft:crouch_one_cm":20155,"minecraft:fall_one_cm":44465},"minecraft:killed":{"untamedwilds:hyena":2,"untamedwilds:hippo":1,"simple_mobs:hobgob":1,"minecraft:vindicator":2,"minecraft:spider":1,"dannys_expansion:foamspring":1,"bloodandmadness:beast_patient":1,"goblinsanddungeons:garch":4,"minecraft:chicken":3,"minecraft:silverfish":1,"restored_earth:bouldering_zombie":1,"simple_mobs:minotaur":1,"restored_earth:lobber_zombie":1,"dannys_expansion:ghoul":1,"minecraft:sheep":1,"minecraft:pillager":15,"minecraft:zombie":5,"simple_mobs:gob":5,"simple_mobs:goblo":2,"minecraft:wither_skeleton":1,"creeperoverhaul:savannah_creeper":1,"minecraft:cow":5},"minecraft:killed_by":{"simple_mobs:shade":1,"simple_mobs:minotaur":3,"untamedwilds:hyena":1,"minecraft:vindicator":15,"simple_mobs:rat_small":1,"dannys_expansion:ghoul":1,"minecraft:skeleton":4}},"DataVersion":2975}