{"stats":{"minecraft:killed":{"minecraft:zombie":1,"restored_earth:lobber_zombie":1},"minecraft:killed_by":{"simple_mobs:minotaur":1,"simple_mobs:rat_small":1},"minecraft:used":{"minecraft:bread":4,"epicfight:uchigatana":7},"minecraft:custom":{"minecraft:time_since_rest":3118,"minecraft:crouch_one_cm":563,"minecraft:play_time":50270,"champions:champion_mobs_killed":2,"minecraft:sprint_one_cm":35416,"minecraft:deaths":2,"minecraft:damage_taken":597,"minecraft:walk_one_cm":78749,"minecraft:sneak_time":32,"minecraft:mob_kills":2,"minecraft:jump":152,"minecraft:damage_dealt":472,"minecraft:leave_game":1,"minecraft:time_since_death":3020,"minecraft:total_world_time":50270,"minecraft:damage_dealt_absorbed":126,"minecraft:fall_one_cm":2662,"minecraft:fly_one_cm":17389},"minecraft:picked_up":{"paraglider:spirit_orb":1}},"DataVersion":2975}