{"stats":{"minecraft:killed_by":{"simple_mobs:rat_small":1},"minecraft:used":{"minecraft:bread":1},"minecraft:custom":{"minecraft:jump":73,"minecraft:time_since_rest":22141,"minecraft:deaths":1,"minecraft:sprint_one_cm":12016,"minecraft:play_time":26756,"minecraft:damage_taken":251,"minecraft:time_since_death":22054,"minecraft:walk_one_cm":22308,"minecraft:total_world_time":26756,"minecraft:fall_one_cm":1348,"minecraft:fly_one_cm":7834},"minecraft:picked_up":{"paraglider:spirit_orb":1}},"DataVersion":2975}