{"stats":{"minecraft:crafted":{"minecraft:acacia_pressure_plate":4,"cloudstorage:guide_book":1,"minecraft:furnace":1,"quark:acacia_chest":5,"minecraft:bow":1,"minecraft:iron_boots":1,"minecraft:iron_axe":1,"minecraft:stone_pickaxe":1,"minecraft:wheat":252,"paraglider:paraglider":1,"sophisticatedbackpacks:backpack":1,"cloudstorage:cloud_chest":1,"minecraft:crafting_table":2,"farmersdelight:iron_knife":1,"minecraft:acacia_slab":48,"minecraft:wooden_pickaxe":1,"minecraft:iron_helmet":1,"minecraft:air":180,"minecraft:string":8,"minecraft:iron_chestplate":1,"minecraft:shield":1,"minecraft:stick":24,"minecraft:iron_ingot":24,"minecraft:iron_pickaxe":1,"minecraft:torch":16,"minecraft:acacia_planks":40,"farmersdelight:straw_bale":1},"minecraft:custom":{"lootr:looted_stat":13,"minecraft:mob_kills":80,"minecraft:interact_with_crafting_table":49,"minecraft:open_barrel":1,"minecraft:damage_dealt_resisted":1795,"minecraft:leave_game":8,"minecraft:time_since_death":26985,"minecraft:climb_one_cm":5830,"champions:champion_mobs_killed":63,"minecraft:sprint_one_cm":1114955,"minecraft:walk_one_cm":2922301,"minecraft:drop":11,"minecraft:damage_dealt_absorbed":1138,"minecraft:play_time":416047,"minecraft:sneak_time":9097,"minecraft:deaths":31,"minecraft:walk_under_water_one_cm":29792,"minecraft:jump":4564,"minecraft:walk_on_water_one_cm":71726,"minecraft:total_world_time":416047,"minecraft:interact_with_furnace":11,"minecraft:sleep_in_bed":16,"minecraft:time_since_rest":27107,"minecraft:waystone_activated":1,"minecraft:damage_taken":10231,"minecraft:damage_dealt":12880,"minecraft:swim_one_cm":1384,"minecraft:fly_one_cm":540077,"minecraft:open_chest":67,"minecraft:crouch_one_cm":80639,"minecraft:fall_one_cm":70631},"minecraft:picked_up":{"irons_spellbooks:scroll":1,"minecraft:coarse_dirt":21,"dawncraft:crystallized_xp":2,"minecraft:wheat":7,"minecraft:chicken":3,"minecraft:acacia_pressure_plate":1,"minecraft:cooked_rabbit":1,"minecraft:string":1,"minecraft:gold_nugget":1,"minecraft:beef":11,"farmersdelight:straw":11,"minecraft:iron_nugget":1,"apotheosis:gem":1,"minecraft:stick":12,"minecraft:raw_iron":52,"untamedwilds:food_pachyderm_raw":4,"minecraft:acacia_fence":1,"minecraft:torch":4,"minecraft:acacia_log":42,"hexerei:sage_seed":8,"cloudstorage:balloon_bit":2,"minecraft:arrow":28,"minecraft:rotten_flesh":3,"minecraft:stone_shovel":1,"minecraft:cooked_cod":1,"farmersdelight:onion":12,"minecraft:hay_block":59,"cloudstorage:cloud":64,"minecraft:mutton":4,"minecraft:skeleton_skull":2,"minecraft:white_wool":2,"minecraft:cobblestone":39,"farmersdelight:onion_crate":1,"minecraft:feather":7,"minecraft:cooked_beef":2,"minecraft:glow_ink_sac":2,"minecraft:leather":14,"minecraft:acacia_wood":1,"paraglider:spirit_orb":1,"minecraft:flint":1,"minecraft:dirt":37,"minecraft:cooked_mutton":1,"minecraft:bone":13,"untamedwilds:material_fat":4,"minecraft:wheat_seeds":31,"minecraft:raw_gold":2,"dannys_expansion:yellow_spores":3,"minecraft:moss_block":1,"minecraft:acacia_sapling":10,"minecraft:book":1,"hexerei:animal_fat":4,"minecraft:cooked_porkchop":1,"minecraft:dandelion":1,"minecraft:dripstone_block":4,"minecraft:gravel":3,"epicfight:uchigatana":1,"simple_mobs:blighted_meat":2,"minecraft:green_carpet":1,"minecraft:granite":1,"minecraft:emerald":2,"minecraft:melon_seeds":3,"minecraft:coal":41},"minecraft:broken":{"minecraft:chainmail_leggings":1,"minecraft:iron_boots":1,"minecraft:iron_chestplate":1,"minecraft:iron_helmet":1,"jet_and_elias_armors:outrider_set_helmet":1},"minecraft:mined":{"minecraft:glow_lichen":1,"minecraft:granite":1,"minecraft:grass_block":16,"minecraft:moss_block":1,"minecraft:acacia_pressure_plate":1,"goblinsanddungeons:urn":1,"minecraft:spawner":1,"minecraft:hay_block":59,"minecraft:iron_ore":44,"minecraft:fire":1,"minecraft:acacia_wood":1,"treechop:chopped_log":5,"minecraft:deepslate_iron_ore":10,"minecraft:dirt_path":3,"minecraft:green_carpet":1,"minecraft:stone":39,"supplementaries:book_pile_horizontal":1,"minecraft:acacia_leaves":1,"minecraft:powder_snow":1,"minecraft:torch":3,"minecraft:tall_grass":1,"minecraft:wall_torch":1,"minecraft:skeleton_skull":2,"minecraft:coarse_dirt":25,"minecraft:grass":81,"minecraft:coal_ore":47,"minecraft:acacia_fence":1,"minecraft:gravel":4,"minecraft:dripstone_block":4,"minecraft:dirt":21,"minecraft:cobweb":1,"minecraft:oak_leaves":1,"minecraft:gold_ore":2,"minecraft:infested_stone":1},"minecraft:killed_by":{"simple_mobs:shade":1,"simple_mobs:minotaur":3,"untamedwilds:hyena":1,"minecraft:vindicator":16,"simple_mobs:rat_small":1,"dannys_expansion:ghoul":1,"minecraft:skeleton":5,"untamedwilds:big_cat":2},"minecraft:killed":{"untamedwilds:hyena":2,"untamedwilds:hippo":1,"simple_mobs:hobgob":1,"minecraft:spider":1,"untamedwilds:wildebeest":1,"minecraft:vindicator":2,"dannys_expansion:foamspring":1,"bloodandmadness:beast_patient":1,"goblinsanddungeons:garch":4,"minecraft:chicken":3,"cloudstorage:bloviator":19,"cloudstorage:badloon":2,"minecraft:silverfish":1,"restored_earth:bouldering_zombie":1,"simple_mobs:minotaur":1,"restored_earth:lobber_zombie":1,"dannys_expansion:ghoul":1,"minecraft:sheep":2,"minecraft:pillager":15,"minecraft:zombie":5,"simple_mobs:gob":5,"simple_mobs:goblo":2,"minecraft:wither_skeleton":1,"creeperoverhaul:savannah_creeper":1,"minecraft:cow":5},"minecraft:dropped":{"minecraft:bread":1,"minecraft:wheat_seeds":5,"minecraft:lead":1,"hexerei:sage_seed":1,"epicfight:uchigatana":1,"minecraft:rotten_flesh":2,"minecraft:melon_seeds":1,"minecraft:acacia_sapling":1,"minecraft:stone_pickaxe":1,"minecraft:acacia_pressure_plate":1},"minecraft:used":{"minecraft:stone_shovel":63,"minecraft:torch":23,"minecraft:dirt":33,"minecraft:spyglass":12,"cloudstorage:cloud_chest":1,"minecraft:iron_axe":26,"minecraft:acacia_slab":41,"minecraft:bow":14,"minecraft:furnace":1,"minecraft:cooked_beef":17,"minecraft:cooked_mutton":1,"farmersdelight:iron_knife":83,"minecraft:water_bucket":1,"minecraft:stone_pickaxe":22,"minecraft:wooden_pickaxe":5,"cloudstorage:guide_book":1,"minecraft:crafting_table":2,"quark:acacia_chest":3,"minecraft:book":1,"minecraft:bread":50,"minecraft:iron_pickaxe":134,"minecraft:gravel":3,"minecraft:green_carpet":1,"minecraft:cobblestone":9,"minecraft:cooked_porkchop":1,"minecraft:cooked_rabbit":1,"minecraft:bucket":1,"minecraft:coarse_dirt":21,"epicfight:uchigatana":262,"minecraft:pillager_spawn_egg":15,"minecraft:experience_bottle":2}},"DataVersion":2975}