{"stats":{"minecraft:used":{"minecraft:bread":4,"minecraft:wooden_pickaxe":5,"minecraft:dirt":1,"minecraft:spyglass":3,"minecraft:crafting_table":1,"quark:acacia_chest":1,"epicfight:uchigatana":9},"minecraft:crafted":{"quark:acacia_chest":1,"minecraft:crafting_table":1,"minecraft:wooden_pickaxe":1,"minecraft:stone_pickaxe":1,"minecraft:acacia_planks":20,"minecraft:air":24},"minecraft:killed":{"minecraft:zombie":1,"restored_earth:lobber_zombie":1},"minecraft:mined":{"minecraft:hay_block":8,"treechop:chopped_log":1,"minecraft:grass":2,"minecraft:grass_block":2,"minecraft:dirt_path":1,"minecraft:dirt":2,"minecraft:stone":5},"minecraft:custom":{"minecraft:time_since_rest":6611,"minecraft:waystone_activated":1,"champions:champion_mobs_killed":2,"minecraft:sprint_one_cm":83116,"minecraft:walk_one_cm":269668,"minecraft:damage_taken":799,"minecraft:mob_kills":2,"minecraft:damage_dealt":472,"minecraft:damage_dealt_absorbed":126,"minecraft:interact_with_crafting_table":6,"minecraft:fly_one_cm":37354,"minecraft:open_chest":6,"minecraft:crouch_one_cm":1766,"minecraft:play_time":75908,"minecraft:deaths":3,"minecraft:sneak_time":149,"minecraft:walk_under_water_one_cm":395,"minecraft:jump":483,"minecraft:leave_game":2,"minecraft:time_since_death":16915,"minecraft:walk_on_water_one_cm":8814,"minecraft:sleep_in_bed":1,"minecraft:total_world_time":75908,"minecraft:fall_one_cm":5871},"minecraft:picked_up":{"minecraft:stick":7,"minecraft:wheat":1,"minecraft:acacia_log":9,"paraglider:spirit_orb":1,"minecraft:dirt":5,"hexerei:sage_seed":1,"minecraft:wheat_seeds":5,"minecraft:hay_block":8,"minecraft:acacia_sapling":3,"minecraft:cobblestone":5},"minecraft:killed_by":{"simple_mobs:shade":1,"simple_mobs:rat_small":1,"simple_mobs:minotaur":1}},"DataVersion":2975}