{"stats":{"minecraft:killed":{"minecraft:zombie":1,"restored_earth:lobber_zombie":1},"minecraft:killed_by":{"simple_mobs:shade":1,"simple_mobs:minotaur":1,"simple_mobs:rat_small":1},"minecraft:used":{"minecraft:spyglass":3,"minecraft:dirt":1,"minecraft:bread":4,"epicfight:uchigatana":7},"minecraft:crafted":{"minecraft:acacia_planks":4},"minecraft:mined":{"minecraft:grass_block":2,"treechop:chopped_log":1},"minecraft:custom":{"minecraft:time_since_rest":5796,"minecraft:waystone_activated":1,"minecraft:crouch_one_cm":778,"minecraft:play_time":64717,"champions:champion_mobs_killed":2,"minecraft:sprint_one_cm":45338,"minecraft:deaths":3,"minecraft:damage_taken":779,"minecraft:walk_one_cm":168943,"minecraft:sneak_time":76,"minecraft:walk_under_water_one_cm":395,"minecraft:mob_kills":2,"minecraft:jump":311,"minecraft:damage_dealt":472,"minecraft:leave_game":2,"minecraft:walk_on_water_one_cm":7393,"minecraft:time_since_death":5724,"minecraft:total_world_time":64717,"minecraft:damage_dealt_absorbed":126,"minecraft:fall_one_cm":3618,"minecraft:fly_one_cm":21029},"minecraft:picked_up":{"minecraft:wheat":1,"minecraft:stick":7,"minecraft:wheat_seeds":5,"minecraft:acacia_log":9,"paraglider:spirit_orb":1,"minecraft:acacia_sapling":3,"minecraft:dirt":2}},"DataVersion":2975}