{"stats":{"minecraft:crafted":{"minecraft:crafting_table":1,"farmersdelight:iron_knife":1,"minecraft:wooden_pickaxe":1,"minecraft:furnace":1,"minecraft:air":108,"quark:acacia_chest":1,"minecraft:iron_boots":1,"minecraft:iron_chestplate":1,"minecraft:shield":1,"minecraft:iron_axe":1,"minecraft:stick":16,"minecraft:iron_ingot":24,"minecraft:iron_pickaxe":1,"minecraft:stone_pickaxe":1,"minecraft:acacia_planks":32,"minecraft:torch":16,"minecraft:wheat":252},"minecraft:used":{"minecraft:stone_shovel":4,"minecraft:stone_pickaxe":22,"minecraft:wooden_pickaxe":5,"minecraft:torch":5,"minecraft:dirt":4,"minecraft:spyglass":9,"minecraft:crafting_table":1,"quark:acacia_chest":1,"minecraft:iron_axe":8,"minecraft:bread":16,"minecraft:iron_pickaxe":82,"minecraft:gravel":3,"minecraft:cobblestone":1,"minecraft:furnace":1,"epicfight:uchigatana":33},"minecraft:dropped":{"hexerei:sage_seed":1,"minecraft:rotten_flesh":2,"minecraft:acacia_sapling":1,"minecraft:stone_pickaxe":1},"minecraft:killed":{"untamedwilds:hyena":2,"restored_earth:lobber_zombie":1,"dannys_expansion:ghoul":1,"minecraft:zombie":2,"bloodandmadness:beast_patient":1,"restored_earth:bouldering_zombie":1},"minecraft:mined":{"minecraft:acacia_leaves":1,"minecraft:glow_lichen":1,"minecraft:granite":1,"minecraft:grass_block":2,"minecraft:hay_block":59,"minecraft:iron_ore":26,"treechop:chopped_log":3,"minecraft:grass":4,"minecraft:coal_ore":44,"minecraft:dirt_path":1,"minecraft:gravel":4,"minecraft:dripstone_block":4,"minecraft:dirt":3,"minecraft:stone":31},"minecraft:custom":{"minecraft:interact_with_furnace":10,"minecraft:mob_kills":8,"minecraft:interact_with_crafting_table":19,"minecraft:leave_game":2,"minecraft:time_since_death":16831,"minecraft:sleep_in_bed":2,"minecraft:time_since_rest":16862,"minecraft:waystone_activated":1,"champions:champion_mobs_killed":5,"minecraft:sprint_one_cm":280055,"minecraft:damage_taken":1561,"minecraft:walk_one_cm":681286,"minecraft:drop":5,"minecraft:damage_dealt":1881,"minecraft:damage_dealt_absorbed":299,"minecraft:fly_one_cm":123008,"minecraft:open_chest":8,"minecraft:crouch_one_cm":5302,"minecraft:play_time":147908,"minecraft:deaths":5,"minecraft:sneak_time":689,"minecraft:walk_under_water_one_cm":1731,"minecraft:jump":1276,"minecraft:walk_on_water_one_cm":20172,"minecraft:total_world_time":147908,"minecraft:fall_one_cm":17713},"minecraft:picked_up":{"minecraft:wheat":1,"paraglider:spirit_orb":1,"minecraft:flint":1,"minecraft:dirt":6,"minecraft:wheat_seeds":7,"minecraft:acacia_sapling":9,"minecraft:stick":7,"minecraft:raw_iron":24,"minecraft:acacia_log":26,"minecraft:dripstone_block":4,"minecraft:gravel":3,"hexerei:sage_seed":2,"minecraft:stone_shovel":1,"minecraft:rotten_flesh":2,"minecraft:hay_block":59,"minecraft:granite":1,"minecraft:coal":38,"minecraft:cobblestone":31},"minecraft:killed_by":{"simple_mobs:shade":1,"simple_mobs:rat_small":1,"dannys_expansion:ghoul":1,"simple_mobs:minotaur":1,"untamedwilds:hyena":1}},"DataVersion":2975}