{"stats":{"minecraft:crafted":{"minecraft:crafting_table":1,"minecraft:wooden_pickaxe":1,"minecraft:furnace":1,"minecraft:air":24,"quark:acacia_chest":1,"minecraft:iron_boots":1,"minecraft:iron_chestplate":1,"minecraft:shield":1,"minecraft:iron_axe":1,"minecraft:stick":12,"minecraft:iron_ingot":19,"minecraft:iron_pickaxe":1,"minecraft:stone_pickaxe":1,"minecraft:acacia_planks":28,"minecraft:torch":16,"minecraft:wheat":252},"minecraft:used":{"minecraft:stone_shovel":4,"minecraft:stone_pickaxe":22,"minecraft:wooden_pickaxe":5,"minecraft:torch":2,"minecraft:dirt":4,"minecraft:spyglass":5,"minecraft:crafting_table":1,"quark:acacia_chest":1,"minecraft:iron_axe":8,"minecraft:bread":12,"minecraft:iron_pickaxe":41,"minecraft:gravel":3,"minecraft:cobblestone":1,"minecraft:furnace":1,"epicfight:uchigatana":32},"minecraft:dropped":{"hexerei:sage_seed":1,"minecraft:acacia_sapling":1,"minecraft:stone_pickaxe":1},"minecraft:killed":{"untamedwilds:hyena":2,"restored_earth:lobber_zombie":1,"dannys_expansion:ghoul":1,"minecraft:zombie":2,"bloodandmadness:beast_patient":1,"restored_earth:bouldering_zombie":1},"minecraft:mined":{"minecraft:acacia_leaves":1,"minecraft:glow_lichen":1,"minecraft:grass_block":2,"minecraft:hay_block":59,"minecraft:iron_ore":21,"treechop:chopped_log":3,"minecraft:grass":4,"minecraft:coal_ore":13,"minecraft:dirt_path":1,"minecraft:gravel":4,"minecraft:dripstone_block":4,"minecraft:dirt":2,"minecraft:stone":28},"minecraft:custom":{"minecraft:interact_with_furnace":8,"minecraft:mob_kills":8,"minecraft:interact_with_crafting_table":16,"minecraft:leave_game":2,"minecraft:time_since_death":4831,"minecraft:sleep_in_bed":2,"minecraft:time_since_rest":4862,"minecraft:waystone_activated":1,"champions:champion_mobs_killed":5,"minecraft:sprint_one_cm":205862,"minecraft:damage_taken":1539,"minecraft:walk_one_cm":564168,"minecraft:drop":3,"minecraft:damage_dealt":1779,"minecraft:damage_dealt_absorbed":257,"minecraft:fly_one_cm":106214,"minecraft:open_chest":7,"minecraft:crouch_one_cm":4951,"minecraft:play_time":135908,"minecraft:deaths":5,"minecraft:sneak_time":672,"minecraft:walk_under_water_one_cm":1731,"minecraft:jump":1093,"minecraft:walk_on_water_one_cm":20172,"minecraft:total_world_time":135908,"minecraft:fall_one_cm":15087},"minecraft:picked_up":{"minecraft:wheat":1,"paraglider:spirit_orb":1,"minecraft:flint":1,"minecraft:dirt":5,"minecraft:wheat_seeds":6,"minecraft:acacia_sapling":9,"minecraft:stick":7,"minecraft:raw_iron":19,"minecraft:acacia_log":26,"minecraft:dripstone_block":4,"minecraft:gravel":3,"hexerei:sage_seed":2,"minecraft:stone_shovel":1,"minecraft:rotten_flesh":2,"minecraft:hay_block":59,"minecraft:coal":13,"minecraft:cobblestone":28},"minecraft:killed_by":{"simple_mobs:shade":1,"simple_mobs:rat_small":1,"dannys_expansion:ghoul":1,"simple_mobs:minotaur":1,"untamedwilds:hyena":1}},"DataVersion":2975}