{"stats":{"minecraft:mined":{"minecraft:acacia_leaves":1,"minecraft:glow_lichen":1,"minecraft:granite":1,"minecraft:grass_block":7,"goblinsanddungeons:urn":1,"minecraft:hay_block":59,"minecraft:iron_ore":31,"treechop:chopped_log":3,"minecraft:grass":72,"minecraft:coal_ore":45,"minecraft:dirt_path":1,"minecraft:gravel":4,"minecraft:dripstone_block":4,"minecraft:dirt":3,"minecraft:green_carpet":1,"minecraft:cobweb":1,"minecraft:stone":31,"minecraft:infested_stone":1},"minecraft:used":{"minecraft:cooked_mutton":1,"farmersdelight:iron_knife":80,"minecraft:stone_shovel":11,"minecraft:stone_pickaxe":22,"minecraft:wooden_pickaxe":5,"minecraft:torch":7,"minecraft:dirt":5,"minecraft:spyglass":12,"minecraft:crafting_table":1,"quark:acacia_chest":1,"minecraft:iron_axe":9,"minecraft:bread":34,"minecraft:iron_pickaxe":90,"minecraft:gravel":3,"minecraft:green_carpet":1,"minecraft:cobblestone":1,"minecraft:furnace":1,"minecraft:cooked_porkchop":1,"minecraft:cooked_rabbit":1,"minecraft:pillager_spawn_egg":9,"minecraft:cooked_beef":17,"epicfight:uchigatana":203,"minecraft:experience_bottle":2},"minecraft:broken":{"minecraft:iron_boots":1,"minecraft:iron_helmet":1,"jet_and_elias_armors:outrider_set_helmet":1},"minecraft:picked_up":{"minecraft:wheat":3,"dawncraft:crystallized_xp":1,"minecraft:feather":7,"minecraft:cooked_beef":2,"minecraft:chicken":3,"minecraft:leather":13,"minecraft:cooked_rabbit":1,"paraglider:spirit_orb":1,"minecraft:flint":1,"minecraft:string":1,"minecraft:dirt":9,"minecraft:cooked_mutton":1,"minecraft:bone":11,"untamedwilds:material_fat":4,"minecraft:wheat_seeds":19,"minecraft:gold_nugget":1,"minecraft:beef":10,"farmersdelight:straw":11,"dannys_expansion:yellow_spores":3,"minecraft:iron_nugget":1,"minecraft:acacia_sapling":9,"hexerei:animal_fat":4,"minecraft:stick":7,"minecraft:raw_iron":29,"untamedwilds:food_pachyderm_raw":4,"minecraft:cooked_porkchop":1,"minecraft:acacia_log":26,"minecraft:dripstone_block":4,"minecraft:gravel":3,"epicfight:uchigatana":1,"simple_mobs:blighted_meat":2,"minecraft:green_carpet":1,"hexerei:sage_seed":8,"minecraft:stone_shovel":1,"minecraft:arrow":19,"minecraft:rotten_flesh":3,"minecraft:cooked_cod":1,"farmersdelight:onion":12,"minecraft:granite":1,"minecraft:hay_block":59,"irons_spellbooks:scroll":1,"minecraft:emerald":2,"minecraft:melon_seeds":2,"minecraft:cobblestone":31,"minecraft:mutton":2,"minecraft:coal":39,"minecraft:white_wool":1,"farmersdelight:onion_crate":1},"minecraft:dropped":{"minecraft:bread":1,"hexerei:sage_seed":1,"minecraft:wheat_seeds":5,"epicfight:uchigatana":1,"minecraft:rotten_flesh":2,"minecraft:acacia_sapling":1,"minecraft:stone_pickaxe":1},"minecraft:custom":{"lootr:looted_stat":8,"minecraft:interact_with_furnace":11,"minecraft:mob_kills":50,"minecraft:interact_with_crafting_table":30,"minecraft:open_barrel":1,"minecraft:damage_dealt_resisted":1795,"minecraft:leave_game":5,"minecraft:time_since_death":921,"minecraft:sleep_in_bed":10,"minecraft:climb_one_cm":1571,"minecraft:time_since_rest":946,"minecraft:waystone_activated":1,"champions:champion_mobs_killed":36,"minecraft:sprint_one_cm":770465,"minecraft:damage_taken":7095,"minecraft:walk_one_cm":1988270,"minecraft:drop":8,"minecraft:damage_dealt":10438,"minecraft:damage_dealt_absorbed":886,"minecraft:fly_one_cm":313795,"minecraft:open_chest":31,"minecraft:crouch_one_cm":18737,"minecraft:play_time":283657,"minecraft:deaths":22,"minecraft:sneak_time":1672,"minecraft:walk_under_water_one_cm":1731,"minecraft:jump":2784,"minecraft:walk_on_water_one_cm":23411,"minecraft:total_world_time":283657,"minecraft:fall_one_cm":36765},"minecraft:crafted":{"sophisticatedbackpacks:backpack":1,"minecraft:crafting_table":1,"farmersdelight:iron_knife":1,"minecraft:wooden_pickaxe":1,"minecraft:iron_helmet":1,"minecraft:furnace":1,"minecraft:air":108,"quark:acacia_chest":2,"minecraft:string":4,"minecraft:iron_chestplate":1,"minecraft:iron_boots":1,"minecraft:shield":1,"minecraft:iron_axe":1,"minecraft:stick":16,"minecraft:iron_ingot":24,"minecraft:iron_pickaxe":1,"minecraft:stone_pickaxe":1,"minecraft:acacia_planks":40,"minecraft:torch":16,"farmersdelight:straw_bale":1,"minecraft:wheat":252},"minecraft:killed":{"untamedwilds:hyena":2,"untamedwilds:hippo":1,"simple_mobs:minotaur":1,"restored_earth:lobber_zombie":1,"simple_mobs:hobgob":1,"minecraft:spider":1,"minecraft:vindicator":2,"dannys_expansion:foamspring":1,"dannys_expansion:ghoul":1,"minecraft:sheep":1,"minecraft:pillager":9,"minecraft:zombie":5,"bloodandmadness:beast_patient":1,"goblinsanddungeons:garch":4,"minecraft:chicken":3,"minecraft:silverfish":1,"simple_mobs:gob":5,"simple_mobs:goblo":2,"minecraft:wither_skeleton":1,"creeperoverhaul:savannah_creeper":1,"restored_earth:bouldering_zombie":1,"minecraft:cow":5},"minecraft:killed_by":{"simple_mobs:shade":1,"minecraft:vindicator":15,"simple_mobs:rat_small":1,"dannys_expansion:ghoul":1,"simple_mobs:minotaur":3,"untamedwilds:hyena":1}},"DataVersion":2975}