{"stats":{"minecraft:used":{"minecraft:iron_axe":8,"minecraft:bread":8,"minecraft:stone_pickaxe":22,"minecraft:wooden_pickaxe":5,"minecraft:dirt":4,"minecraft:spyglass":5,"minecraft:cobblestone":1,"minecraft:crafting_table":1,"minecraft:furnace":1,"quark:acacia_chest":1,"epicfight:uchigatana":21},"minecraft:crafted":{"quark:acacia_chest":1,"minecraft:shield":1,"minecraft:iron_axe":1,"minecraft:crafting_table":1,"minecraft:stick":8,"minecraft:iron_ingot":11,"minecraft:wooden_pickaxe":1,"minecraft:iron_pickaxe":1,"minecraft:stone_pickaxe":1,"minecraft:furnace":1,"minecraft:acacia_planks":28,"minecraft:air":24},"minecraft:dropped":{"hexerei:sage_seed":1,"minecraft:acacia_sapling":1,"minecraft:stone_pickaxe":1},"minecraft:killed":{"minecraft:zombie":2,"restored_earth:lobber_zombie":1,"restored_earth:bouldering_zombie":1,"dannys_expansion:ghoul":1},"minecraft:mined":{"minecraft:hay_block":59,"minecraft:acacia_leaves":1,"minecraft:iron_ore":11,"treechop:chopped_log":3,"minecraft:grass":4,"minecraft:grass_block":2,"minecraft:dirt_path":1,"minecraft:dirt":2,"minecraft:stone":16},"minecraft:custom":{"minecraft:time_since_rest":39925,"minecraft:interact_with_furnace":6,"minecraft:waystone_activated":1,"champions:champion_mobs_killed":5,"minecraft:sprint_one_cm":156168,"minecraft:walk_one_cm":438301,"minecraft:damage_taken":1091,"minecraft:mob_kills":5,"minecraft:drop":3,"minecraft:damage_dealt":946,"minecraft:damage_dealt_absorbed":168,"minecraft:interact_with_crafting_table":13,"minecraft:fly_one_cm":77316,"minecraft:open_chest":7,"minecraft:crouch_one_cm":3721,"minecraft:play_time":123908,"minecraft:deaths":4,"minecraft:sneak_time":534,"minecraft:walk_under_water_one_cm":1731,"minecraft:jump":874,"minecraft:leave_game":2,"minecraft:time_since_death":39878,"minecraft:walk_on_water_one_cm":18965,"minecraft:sleep_in_bed":2,"minecraft:total_world_time":123908,"minecraft:fall_one_cm":10175},"minecraft:picked_up":{"minecraft:stick":7,"minecraft:raw_iron":11,"minecraft:wheat":1,"minecraft:acacia_log":26,"paraglider:spirit_orb":1,"minecraft:dirt":5,"hexerei:sage_seed":2,"minecraft:rotten_flesh":2,"minecraft:stone_shovel":1,"minecraft:wheat_seeds":6,"minecraft:hay_block":59,"minecraft:acacia_sapling":9,"minecraft:cobblestone":16},"minecraft:killed_by":{"simple_mobs:shade":1,"simple_mobs:rat_small":1,"dannys_expansion:ghoul":1,"simple_mobs:minotaur":1}},"DataVersion":2975}