{"stats":{"minecraft:crafted":{"minecraft:oak_planks":16,"quark:birch_chest":1,"minecraft:furnace":1,"minecraft:cooked_mutton":1,"quark:acacia_chest":5,"minecraft:stone_pickaxe":3,"minecraft:oak_fence":3,"minecraft:wheat":18,"minecraft:cooked_beef":3,"minecraft:crafting_table":2,"minecraft:birch_planks":4,"minecraft:stone_axe":2,"minecraft:air":1411,"minecraft:stick":48,"quark:oak_chest":6,"minecraft:iron_ingot":17,"minecraft:stone_sword":3,"minecraft:iron_leggings":1,"minecraft:white_bed":1,"minecraft:torch":20,"minecraft:shears":1},"minecraft:custom":{"lootr:looted_stat":71,"minecraft:mob_kills":44,"minecraft:interact_with_crafting_table":30,"minecraft:open_barrel":14,"minecraft:damage_dealt_resisted":69,"minecraft:leave_game":13,"minecraft:time_since_death":38008,"minecraft:climb_one_cm":22288,"champions:champion_mobs_killed":40,"minecraft:sprint_one_cm":58512,"minecraft:walk_one_cm":2794555,"minecraft:damage_blocked_by_shield":1780,"minecraft:drop":27,"minecraft:damage_dealt_absorbed":934,"minecraft:play_time":373292,"minecraft:deaths":49,"minecraft:sneak_time":17159,"minecraft:walk_under_water_one_cm":9074,"minecraft:interact_with_brewingstand":1,"minecraft:jump":1817,"minecraft:walk_on_water_one_cm":23445,"minecraft:total_world_time":373292,"minecraft:interact_with_furnace":26,"minecraft:sleep_in_bed":2,"minecraft:time_since_rest":38123,"minecraft:damage_taken":17777,"minecraft:damage_dealt":11433,"minecraft:fly_one_cm":72649,"minecraft:player_kills":17,"minecraft:open_chest":69,"minecraft:crouch_one_cm":46411,"minecraft:fall_one_cm":24036},"minecraft:picked_up":{"minecraft:charcoal":5,"minecraft:crafting_table":4,"dawncraft:crystallized_xp":4,"minecraft:wheat":67,"bloodandmadness:twin_blood_stone_shards":1,"minecraft:lead":3,"minecraft:enchanted_book":1,"minecraft:string":24,"minecraft:iron_leggings":2,"minecraft:armor_stand":3,"minecraft:cracked_stone_bricks":1,"minecraft:beef":4,"minecraft:iron_pickaxe":2,"minecraft:lectern":1,"minecraft:birch_sapling":5,"bloodandmadness:pure_quicksilver":3,"minecraft:iron_boots":2,"minecraft:stick":21,"minecraft:raw_iron":29,"apotheosis:gem":1,"minecraft:torch":4,"minecraft:acacia_log":31,"minecraft:pointed_dripstone":3,"minecraft:trident":1,"hexerei:sage_seed":2,"minecraft:arrow":3,"minecraft:hay_block":108,"minecraft:red_tulip":1,"minecraft:mutton":2,"bloodandmadness:blood_stone_shard":2,"minecraft:skeleton_skull":2,"minecraft:white_wool":11,"minecraft:cobblestone":175,"minecraft:birch_log":6,"minecraft:leather":2,"minecraft:flint":1,"minecraft:tuff":1,"minecraft:oak_log":53,"minecraft:chainmail_chestplate":2,"minecraft:dirt":21,"minecraft:bone":6,"minecraft:acacia_planks":48,"minecraft:apple":1,"minecraft:stone_bricks":22,"minecraft:wheat_seeds":2,"minecraft:iron_ingot":2,"minecraft:cobweb":12,"dannys_expansion:yellow_spores":2,"minecraft:iron_sword":3,"minecraft:oak_planks":15,"minecraft:acacia_sapling":7,"hexerei:animal_fat":1,"minecraft:scaffolding":11,"minecraft:emerald_block":1,"quark:red_corundum_cluster":2,"epicfight:stone_greatsword":1,"minecraft:dripstone_block":1,"minecraft:white_bed":1,"quark:red_corundum":2,"minecraft:red_terracotta":9,"minecraft:polished_andesite":3,"minecraft:stone_axe":2,"minecraft:chainmail_leggings":3,"minecraft:iron_helmet":2,"minecraft:gray_wool":3,"minecraft:chainmail_helmet":1,"minecraft:lodestone":1,"minecraft:oak_sapling":33,"minecraft:coal":63,"minecraft:sunflower":3},"minecraft:broken":{"minecraft:stone_sword":2,"minecraft:iron_boots":2,"minecraft:iron_leggings":1,"minecraft:chainmail_helmet":1,"minecraft:stone_pickaxe":1,"minecraft:chainmail_chestplate":3,"minecraft:iron_helmet":2},"minecraft:killed_by":{"minecraft:player":15,"simple_mobs:minotaur":1,"irons_spellbooks:summoned_skeleton":1,"minecraft:spider":2,"minecraft:pillager":1,"irons_spellbooks:dead_king":15,"minecraft:skeleton":2,"minecraft:zombie":4,"majruszsdifficulty:cursed_armor":6,"minecraft:vex":2},"minecraft:mined":{"quark:red_corundum":1,"minecraft:tuff":4,"minecraft:white_bed":1,"minecraft:glow_lichen":2,"minecraft:spruce_fence":1,"minecraft:grass_block":9,"minecraft:spawner":8,"minecraft:hay_block":131,"minecraft:iron_ore":23,"treechop:chopped_log":13,"minecraft:pointed_dripstone":2,"minecraft:deepslate_iron_ore":6,"minecraft:dirt_path":2,"minecraft:stone":129,"minecraft:crafting_table":4,"minecraft:chest":1,"minecraft:lectern":1,"minecraft:mushroom_stem":4,"minecraft:tall_grass":5,"minecraft:cobblestone":61,"minecraft:wall_torch":1,"minecraft:skeleton_skull":1,"minecraft:red_terracotta":10,"minecraft:stone_brick_stairs":7,"minecraft:grass":26,"minecraft:coal_ore":51,"immersive_weathering:cracked_stone_brick_stairs":2,"minecraft:sunflower":6,"minecraft:gravel":3,"minecraft:dripstone_block":3,"minecraft:dirt":8,"minecraft:lodestone":1,"minecraft:cobweb":36,"minecraft:cracked_stone_bricks":14,"minecraft:polished_andesite":3,"minecraft:stone_bricks":42,"minecraft:oak_leaves":2,"minecraft:emerald_block":1,"minecraft:infested_stone":1},"minecraft:killed":{"irons_spellbooks:summoned_zombie":2,"minecraft:spider":1,"dannys_expansion:foamspring":2,"minecraft:skeleton":12,"bloodandmadness:brainsucker":1,"minecraft:silverfish":4,"irons_spellbooks:summoned_skeleton":3,"simple_mobs:minotaur":1,"minecraft:sheep":2,"minecraft:trader_llama":1,"minecraft:zombie":17,"minecraft:cow":2},"minecraft:dropped":{"minecraft:bread":48,"minecraft:cobblestone":1,"minecraft:flint":1,"minecraft:torch":11,"minecraft:iron_leggings":1,"minecraft:slime_spawn_egg":3,"minecraft:iron_pickaxe":1,"minecraft:iron_shovel":1,"minecraft:chainmail_leggings":2,"minecraft:string":9,"minecraft:bone":2,"minecraft:stone_axe":4,"hexerei:sage_seed":2,"minecraft:wheat":3,"minecraft:iron_boots":1,"minecraft:chainmail_chestplate":1,"minecraft:shield":1,"minecraft:skeleton_skull":1,"minecraft:stone_pickaxe":1,"minecraft:scaffolding":11},"minecraft:used":{"minecraft:oak_fence":1,"quark:birch_chest":1,"minecraft:stone_sword":306,"minecraft:armor_stand":1,"minecraft:diamond_hoe":131,"minecraft:shield":97,"minecraft:iron_sword":280,"minecraft:torch":72,"minecraft:tuff":1,"minecraft:iron_axe":49,"epicfight:glove":9,"minecraft:stone_bricks":17,"minecraft:furnace":1,"minecraft:water_bucket":4,"minecraft:birch_planks":5,"minecraft:lead":2,"minecraft:polished_andesite":3,"minecraft:stone_pickaxe":194,"minecraft:wooden_pickaxe":41,"minecraft:crafting_table":5,"quark:acacia_chest":4,"minecraft:white_bed":2,"minecraft:shears":20,"minecraft:bread":42,"minecraft:iron_pickaxe":157,"minecraft:stone_axe":86,"minecraft:cobblestone":142,"minecraft:bucket":5,"quark:oak_chest":7}},"DataVersion":2975}