{"stats":{"minecraft:picked_up":{"minecraft:wheat":67,"minecraft:crafting_table":4,"bloodandmadness:twin_blood_stone_shards":1,"minecraft:leather":2,"minecraft:flint":1,"minecraft:oak_log":11,"minecraft:chainmail_chestplate":1,"minecraft:string":6,"minecraft:dirt":19,"minecraft:bone":6,"minecraft:wheat_seeds":2,"minecraft:iron_ingot":2,"minecraft:beef":4,"minecraft:cobweb":12,"minecraft:acacia_sapling":7,"bloodandmadness:pure_quicksilver":3,"hexerei:animal_fat":1,"minecraft:stick":9,"minecraft:raw_iron":17,"minecraft:acacia_log":31,"minecraft:white_bed":1,"hexerei:sage_seed":2,"minecraft:arrow":2,"minecraft:hay_block":108,"minecraft:gray_wool":3,"minecraft:chainmail_helmet":1,"minecraft:oak_sapling":3,"minecraft:mutton":2,"bloodandmadness:blood_stone_shard":2,"minecraft:coal":51,"minecraft:white_wool":11,"minecraft:cobblestone":86,"minecraft:sunflower":3},"minecraft:crafted":{"minecraft:crafting_table":1,"minecraft:furnace":1,"minecraft:stone_axe":1,"minecraft:air":680,"minecraft:stick":12,"minecraft:iron_ingot":17,"minecraft:stone_pickaxe":1,"minecraft:stone_sword":1,"minecraft:iron_leggings":1,"minecraft:white_bed":1,"minecraft:torch":16,"minecraft:shears":1,"minecraft:wheat":18},"minecraft:broken":{"minecraft:chainmail_chestplate":1,"minecraft:stone_sword":1,"minecraft:iron_boots":1,"minecraft:iron_helmet":1,"minecraft:chainmail_helmet":1},"minecraft:dropped":{"hexerei:sage_seed":2,"minecraft:wheat":3,"minecraft:flint":1,"minecraft:bone":2},"minecraft:used":{"minecraft:stone_sword":145,"minecraft:stone_pickaxe":121,"minecraft:diamond_hoe":131,"minecraft:wooden_pickaxe":41,"minecraft:shield":7,"minecraft:torch":14,"minecraft:crafting_table":4,"minecraft:white_bed":2,"minecraft:shears":20,"minecraft:bread":8,"epicfight:glove":9,"minecraft:stone_axe":54,"minecraft:cobblestone":20,"minecraft:furnace":1},"minecraft:mined":{"minecraft:white_bed":1,"minecraft:crafting_table":4,"minecraft:glow_lichen":1,"minecraft:grass_block":8,"minecraft:tall_grass":5,"minecraft:cobblestone":2,"minecraft:hay_block":131,"minecraft:iron_ore":17,"treechop:chopped_log":5,"minecraft:grass":23,"minecraft:coal_ore":51,"minecraft:dirt_path":2,"minecraft:sunflower":6,"minecraft:gravel":1,"minecraft:dirt":6,"minecraft:cobweb":20,"minecraft:stone":87,"minecraft:oak_leaves":1},"minecraft:custom":{"minecraft:interact_with_furnace":20,"lootr:looted_stat":6,"minecraft:mob_kills":11,"minecraft:interact_with_crafting_table":15,"minecraft:open_barrel":8,"minecraft:damage_dealt_resisted":69,"minecraft:leave_game":4,"minecraft:time_since_death":96,"minecraft:sleep_in_bed":2,"minecraft:climb_one_cm":8502,"minecraft:time_since_rest":149,"champions:champion_mobs_killed":5,"minecraft:sprint_one_cm":16714,"minecraft:damage_taken":5189,"minecraft:walk_one_cm":866046,"minecraft:damage_blocked_by_shield":382,"minecraft:drop":5,"minecraft:damage_dealt":2877,"minecraft:damage_dealt_absorbed":180,"minecraft:fly_one_cm":14617,"minecraft:player_kills":4,"minecraft:open_chest":7,"minecraft:crouch_one_cm":7646,"minecraft:play_time":140675,"minecraft:deaths":16,"minecraft:sneak_time":2517,"minecraft:jump":753,"minecraft:walk_on_water_one_cm":6206,"minecraft:total_world_time":140675,"minecraft:fall_one_cm":9356},"minecraft:killed":{"simple_mobs:minotaur":1,"minecraft:skeleton":3,"minecraft:sheep":2,"bloodandmadness:brainsucker":1,"minecraft:zombie":1,"minecraft:cow":2},"minecraft:killed_by":{"minecraft:player":2,"simple_mobs:minotaur":1,"minecraft:spider":2,"minecraft:zombie":2,"minecraft:pillager":1,"majruszsdifficulty:cursed_armor":6,"minecraft:vex":2}},"DataVersion":2975}