{"stats":{"minecraft:picked_up":{"minecraft:wheat":3,"minecraft:crafting_table":4,"bloodandmadness:twin_blood_stone_shards":1,"minecraft:leather":2,"minecraft:flint":1,"minecraft:oak_log":11,"minecraft:chainmail_chestplate":1,"minecraft:string":6,"minecraft:dirt":19,"minecraft:bone":1,"minecraft:wheat_seeds":2,"minecraft:iron_ingot":2,"minecraft:beef":4,"minecraft:cobweb":10,"minecraft:acacia_sapling":7,"bloodandmadness:pure_quicksilver":3,"hexerei:animal_fat":1,"minecraft:stick":9,"minecraft:raw_iron":17,"minecraft:acacia_log":31,"hexerei:sage_seed":1,"minecraft:hay_block":44,"minecraft:gray_wool":3,"minecraft:chainmail_helmet":1,"minecraft:oak_sapling":3,"minecraft:mutton":2,"bloodandmadness:blood_stone_shard":2,"minecraft:coal":51,"minecraft:white_wool":11,"minecraft:cobblestone":86,"minecraft:sunflower":3},"minecraft:crafted":{"minecraft:crafting_table":1,"minecraft:furnace":1,"minecraft:stone_axe":1,"minecraft:air":49,"minecraft:stick":12,"minecraft:iron_ingot":17,"minecraft:stone_pickaxe":1,"minecraft:stone_sword":1,"minecraft:iron_leggings":1,"minecraft:white_bed":1,"minecraft:torch":16,"minecraft:shears":1},"minecraft:dropped":{"minecraft:wheat":3,"minecraft:flint":1},"minecraft:broken":{"minecraft:chainmail_chestplate":1,"minecraft:iron_boots":1,"minecraft:iron_helmet":1,"minecraft:chainmail_helmet":1},"minecraft:used":{"minecraft:stone_sword":129,"minecraft:stone_pickaxe":121,"minecraft:diamond_hoe":59,"minecraft:wooden_pickaxe":41,"minecraft:shield":5,"minecraft:torch":8,"minecraft:crafting_table":4,"minecraft:white_bed":1,"minecraft:shears":13,"minecraft:bread":6,"epicfight:glove":9,"minecraft:stone_axe":53,"minecraft:cobblestone":20,"minecraft:furnace":1},"minecraft:mined":{"minecraft:crafting_table":4,"minecraft:glow_lichen":1,"minecraft:grass_block":8,"minecraft:tall_grass":5,"minecraft:cobblestone":2,"minecraft:hay_block":59,"minecraft:iron_ore":17,"treechop:chopped_log":5,"minecraft:grass":18,"minecraft:coal_ore":51,"minecraft:dirt_path":2,"minecraft:sunflower":6,"minecraft:gravel":1,"minecraft:dirt":6,"minecraft:cobweb":13,"minecraft:stone":87,"minecraft:oak_leaves":1},"minecraft:custom":{"minecraft:interact_with_furnace":19,"lootr:looted_stat":6,"minecraft:mob_kills":11,"minecraft:interact_with_crafting_table":14,"minecraft:open_barrel":4,"minecraft:damage_dealt_resisted":69,"minecraft:leave_game":4,"minecraft:time_since_death":5293,"minecraft:sleep_in_bed":1,"minecraft:climb_one_cm":6721,"minecraft:time_since_rest":5333,"champions:champion_mobs_killed":4,"minecraft:sprint_one_cm":16714,"minecraft:damage_taken":4778,"minecraft:walk_one_cm":738568,"minecraft:damage_blocked_by_shield":340,"minecraft:drop":2,"minecraft:damage_dealt":2600,"minecraft:damage_dealt_absorbed":180,"minecraft:fly_one_cm":14590,"minecraft:player_kills":4,"minecraft:open_chest":7,"minecraft:crouch_one_cm":7646,"minecraft:play_time":128675,"minecraft:deaths":14,"minecraft:sneak_time":2517,"minecraft:jump":719,"minecraft:walk_on_water_one_cm":6206,"minecraft:total_world_time":128675,"minecraft:fall_one_cm":9356},"minecraft:killed":{"simple_mobs:minotaur":1,"minecraft:skeleton":2,"minecraft:sheep":2,"bloodandmadness:brainsucker":1,"minecraft:zombie":1,"minecraft:cow":2},"minecraft:killed_by":{"minecraft:player":2,"simple_mobs:minotaur":1,"minecraft:zombie":2,"minecraft:pillager":1,"majruszsdifficulty:cursed_armor":6,"minecraft:vex":2}},"DataVersion":2975}