{"stats":{"minecraft:crafted":{"minecraft:crafting_table":1,"minecraft:stick":4,"minecraft:air":26},"minecraft:used":{"minecraft:crafting_table":1,"minecraft:bread":2,"epicfight:glove":9},"minecraft:mined":{"minecraft:grass":3,"minecraft:grass_block":2,"minecraft:dirt_path":2,"minecraft:sunflower":2,"minecraft:tall_grass":1,"treechop:chopped_log":1,"minecraft:oak_leaves":1},"minecraft:custom":{"minecraft:time_since_rest":63643,"minecraft:crouch_one_cm":40,"minecraft:play_time":63643,"minecraft:sprint_one_cm":1385,"minecraft:damage_taken":30,"minecraft:walk_one_cm":227239,"minecraft:sneak_time":302,"minecraft:jump":235,"minecraft:damage_dealt":72,"minecraft:leave_game":2,"minecraft:time_since_death":63643,"minecraft:walk_on_water_one_cm":5095,"minecraft:total_world_time":63643,"minecraft:interact_with_crafting_table":2,"minecraft:fall_one_cm":1713,"minecraft:fly_one_cm":237},"minecraft:picked_up":{"minecraft:stick":1,"minecraft:oak_log":6,"minecraft:oak_sapling":1,"minecraft:dirt":4,"minecraft:sunflower":1}},"DataVersion":2975}