{"stats":{"minecraft:crafted":{"minecraft:crafting_table":1,"minecraft:stick":12,"minecraft:iron_ingot":1,"minecraft:stone_pickaxe":1,"minecraft:stone_sword":1,"minecraft:furnace":1,"minecraft:stone_axe":1,"minecraft:air":26},"minecraft:used":{"minecraft:bread":2,"minecraft:stone_pickaxe":69,"epicfight:glove":9,"minecraft:wooden_pickaxe":41,"minecraft:stone_axe":41,"minecraft:crafting_table":3,"minecraft:furnace":1},"minecraft:mined":{"minecraft:iron_ore":12,"treechop:chopped_log":5,"minecraft:glow_lichen":1,"minecraft:crafting_table":2,"minecraft:grass":9,"minecraft:grass_block":3,"minecraft:coal_ore":21,"minecraft:dirt_path":2,"minecraft:sunflower":2,"minecraft:dirt":1,"minecraft:tall_grass":4,"minecraft:stone":73,"minecraft:oak_leaves":1},"minecraft:custom":{"minecraft:time_since_rest":75643,"minecraft:interact_with_furnace":2,"minecraft:sprint_one_cm":4554,"minecraft:damage_taken":100,"minecraft:walk_one_cm":301601,"minecraft:damage_dealt":72,"minecraft:interact_with_crafting_table":5,"minecraft:fly_one_cm":5278,"minecraft:crouch_one_cm":1222,"minecraft:play_time":75643,"minecraft:sneak_time":564,"minecraft:jump":315,"minecraft:leave_game":2,"minecraft:walk_on_water_one_cm":6159,"minecraft:time_since_death":75643,"minecraft:total_world_time":75643,"minecraft:fall_one_cm":4056},"minecraft:picked_up":{"minecraft:raw_iron":12,"minecraft:stick":9,"minecraft:crafting_table":2,"minecraft:acacia_log":31,"minecraft:oak_log":11,"minecraft:dirt":5,"minecraft:oak_sapling":3,"minecraft:acacia_sapling":7,"minecraft:coal":21,"minecraft:cobblestone":73,"minecraft:sunflower":1}},"DataVersion":2975}