{"stats":{"minecraft:picked_up":{"hexerei:animal_fat":1,"minecraft:crafting_table":4,"minecraft:stick":9,"minecraft:raw_iron":17,"bloodandmadness:twin_blood_stone_shards":1,"minecraft:leather":2,"minecraft:acacia_log":31,"minecraft:flint":1,"minecraft:oak_log":11,"minecraft:dirt":19,"hexerei:sage_seed":1,"minecraft:wheat_seeds":2,"minecraft:beef":4,"minecraft:gray_wool":3,"minecraft:chainmail_helmet":1,"minecraft:oak_sapling":3,"minecraft:acacia_sapling":7,"minecraft:mutton":2,"minecraft:coal":51,"bloodandmadness:blood_stone_shard":2,"bloodandmadness:pure_quicksilver":3,"minecraft:white_wool":11,"minecraft:cobblestone":86,"minecraft:sunflower":3},"minecraft:crafted":{"minecraft:crafting_table":1,"minecraft:stick":12,"minecraft:iron_ingot":12,"minecraft:stone_pickaxe":1,"minecraft:stone_sword":1,"minecraft:furnace":1,"minecraft:white_bed":1,"minecraft:torch":16,"minecraft:stone_axe":1,"minecraft:shears":1,"minecraft:air":49},"minecraft:broken":{"minecraft:iron_helmet":1},"minecraft:used":{"minecraft:stone_sword":89,"minecraft:bread":6,"minecraft:stone_pickaxe":121,"epicfight:glove":9,"minecraft:shield":5,"minecraft:wooden_pickaxe":41,"minecraft:stone_axe":53,"minecraft:torch":2,"minecraft:cobblestone":20,"minecraft:crafting_table":4,"minecraft:furnace":1,"minecraft:white_bed":1},"minecraft:mined":{"minecraft:iron_ore":17,"treechop:chopped_log":5,"minecraft:crafting_table":4,"minecraft:glow_lichen":1,"minecraft:grass":18,"minecraft:grass_block":8,"minecraft:coal_ore":51,"minecraft:dirt_path":2,"minecraft:sunflower":6,"minecraft:gravel":1,"minecraft:dirt":6,"minecraft:tall_grass":5,"minecraft:cobblestone":2,"minecraft:stone":87,"minecraft:oak_leaves":1},"minecraft:custom":{"lootr:looted_stat":4,"minecraft:time_since_rest":4206,"champions:champion_mobs_killed":1,"minecraft:interact_with_furnace":12,"minecraft:sprint_one_cm":16714,"minecraft:damage_taken":1720,"minecraft:walk_one_cm":628925,"minecraft:damage_blocked_by_shield":340,"minecraft:mob_kills":6,"minecraft:damage_dealt":1409,"minecraft:damage_dealt_absorbed":60,"minecraft:interact_with_crafting_table":12,"minecraft:fly_one_cm":13115,"minecraft:open_barrel":1,"minecraft:open_chest":3,"minecraft:crouch_one_cm":6913,"minecraft:play_time":116675,"minecraft:deaths":5,"minecraft:sneak_time":2400,"minecraft:jump":686,"minecraft:damage_dealt_resisted":69,"minecraft:leave_game":4,"minecraft:time_since_death":4176,"minecraft:walk_on_water_one_cm":6206,"minecraft:total_world_time":116675,"minecraft:fall_one_cm":9356},"minecraft:killed":{"minecraft:sheep":2,"bloodandmadness:brainsucker":1,"minecraft:zombie":1,"minecraft:cow":2},"minecraft:killed_by":{"minecraft:zombie":2,"minecraft:pillager":1,"minecraft:vex":2}},"DataVersion":2975}