{"stats":{"minecraft:picked_up":{"minecraft:wheat":67,"minecraft:crafting_table":4,"bloodandmadness:twin_blood_stone_shards":1,"minecraft:leather":2,"minecraft:flint":1,"minecraft:oak_log":11,"minecraft:chainmail_chestplate":1,"minecraft:string":15,"minecraft:dirt":19,"minecraft:bone":6,"minecraft:acacia_planks":48,"minecraft:wheat_seeds":2,"minecraft:iron_ingot":2,"minecraft:beef":4,"minecraft:cobweb":12,"minecraft:oak_planks":3,"minecraft:acacia_sapling":7,"bloodandmadness:pure_quicksilver":3,"hexerei:animal_fat":1,"minecraft:stick":9,"minecraft:raw_iron":17,"minecraft:torch":1,"minecraft:acacia_log":31,"minecraft:white_bed":1,"minecraft:red_terracotta":9,"hexerei:sage_seed":2,"minecraft:arrow":2,"minecraft:hay_block":108,"minecraft:red_tulip":1,"minecraft:gray_wool":3,"minecraft:chainmail_helmet":1,"minecraft:oak_sapling":3,"minecraft:mutton":2,"bloodandmadness:blood_stone_shard":2,"minecraft:coal":51,"minecraft:white_wool":11,"minecraft:cobblestone":86,"minecraft:sunflower":3},"minecraft:crafted":{"minecraft:crafting_table":1,"minecraft:furnace":1,"minecraft:stone_axe":1,"minecraft:air":744,"quark:acacia_chest":5,"minecraft:stick":12,"quark:oak_chest":2,"minecraft:iron_ingot":17,"minecraft:stone_pickaxe":1,"minecraft:stone_sword":1,"minecraft:iron_leggings":1,"minecraft:white_bed":1,"minecraft:torch":16,"minecraft:shears":1,"minecraft:wheat":18},"minecraft:dropped":{"hexerei:sage_seed":2,"minecraft:wheat":3,"minecraft:flint":1,"minecraft:shield":1,"minecraft:string":9,"minecraft:bone":2},"minecraft:broken":{"minecraft:stone_pickaxe":1,"minecraft:chainmail_chestplate":1,"minecraft:stone_sword":1,"minecraft:iron_boots":1,"minecraft:iron_helmet":1,"minecraft:chainmail_helmet":1},"minecraft:used":{"minecraft:stone_sword":145,"minecraft:stone_pickaxe":131,"minecraft:diamond_hoe":131,"minecraft:wooden_pickaxe":41,"minecraft:shield":8,"minecraft:torch":17,"minecraft:crafting_table":4,"quark:acacia_chest":4,"minecraft:white_bed":2,"minecraft:shears":20,"minecraft:bread":9,"epicfight:glove":9,"minecraft:stone_axe":68,"minecraft:cobblestone":20,"minecraft:furnace":1,"quark:oak_chest":2},"minecraft:mined":{"minecraft:white_bed":1,"minecraft:crafting_table":4,"minecraft:glow_lichen":1,"minecraft:grass_block":8,"minecraft:mushroom_stem":4,"minecraft:tall_grass":5,"minecraft:cobblestone":2,"minecraft:hay_block":131,"minecraft:red_terracotta":10,"minecraft:iron_ore":17,"treechop:chopped_log":5,"minecraft:grass":26,"minecraft:coal_ore":51,"minecraft:dirt_path":2,"minecraft:sunflower":6,"minecraft:gravel":1,"minecraft:dirt":6,"minecraft:cobweb":20,"minecraft:stone":87,"minecraft:oak_leaves":1},"minecraft:custom":{"minecraft:interact_with_furnace":20,"lootr:looted_stat":7,"minecraft:mob_kills":12,"minecraft:interact_with_crafting_table":19,"minecraft:open_barrel":8,"minecraft:damage_dealt_resisted":69,"minecraft:leave_game":4,"minecraft:time_since_death":12096,"minecraft:sleep_in_bed":2,"minecraft:climb_one_cm":11318,"minecraft:time_since_rest":12149,"champions:champion_mobs_killed":6,"minecraft:sprint_one_cm":17824,"minecraft:damage_taken":5198,"minecraft:walk_one_cm":957500,"minecraft:damage_blocked_by_shield":442,"minecraft:drop":7,"minecraft:damage_dealt":3016,"minecraft:damage_dealt_absorbed":180,"minecraft:fly_one_cm":15128,"minecraft:player_kills":4,"minecraft:open_chest":10,"minecraft:crouch_one_cm":7646,"minecraft:play_time":152675,"minecraft:deaths":16,"minecraft:sneak_time":2517,"minecraft:jump":817,"minecraft:walk_on_water_one_cm":6206,"minecraft:total_world_time":152675,"minecraft:fall_one_cm":9356},"minecraft:killed":{"simple_mobs:minotaur":1,"minecraft:spider":1,"minecraft:skeleton":3,"minecraft:sheep":2,"bloodandmadness:brainsucker":1,"minecraft:zombie":1,"minecraft:cow":2},"minecraft:killed_by":{"minecraft:player":2,"simple_mobs:minotaur":1,"minecraft:spider":2,"minecraft:zombie":2,"minecraft:pillager":1,"majruszsdifficulty:cursed_armor":6,"minecraft:vex":2}},"DataVersion":2975}