{"stats":{"minecraft:crafted":{"minecraft:crafting_table":1,"minecraft:stick":12,"minecraft:iron_ingot":12,"minecraft:stone_pickaxe":1,"minecraft:stone_sword":1,"minecraft:furnace":1,"minecraft:torch":16,"minecraft:stone_axe":1,"minecraft:shears":1,"minecraft:air":29},"minecraft:used":{"minecraft:stone_sword":1,"minecraft:bread":3,"minecraft:stone_pickaxe":119,"epicfight:glove":9,"minecraft:wooden_pickaxe":41,"minecraft:stone_axe":44,"minecraft:torch":2,"minecraft:cobblestone":13,"minecraft:crafting_table":4,"minecraft:furnace":1},"minecraft:killed":{"minecraft:cow":1},"minecraft:mined":{"minecraft:iron_ore":17,"treechop:chopped_log":5,"minecraft:glow_lichen":1,"minecraft:crafting_table":3,"minecraft:grass":9,"minecraft:grass_block":7,"minecraft:coal_ore":51,"minecraft:dirt_path":2,"minecraft:sunflower":2,"minecraft:gravel":1,"minecraft:dirt":6,"minecraft:tall_grass":5,"minecraft:stone":87,"minecraft:oak_leaves":1},"minecraft:custom":{"minecraft:time_since_rest":93643,"minecraft:interact_with_furnace":11,"minecraft:sprint_one_cm":13679,"minecraft:damage_taken":170,"minecraft:walk_one_cm":439734,"minecraft:mob_kills":1,"minecraft:damage_dealt":173,"minecraft:interact_with_crafting_table":9,"minecraft:fly_one_cm":9010,"minecraft:crouch_one_cm":6471,"minecraft:play_time":93643,"minecraft:sneak_time":1645,"minecraft:jump":606,"minecraft:leave_game":2,"minecraft:walk_on_water_one_cm":6206,"minecraft:time_since_death":93643,"minecraft:total_world_time":93643,"minecraft:fall_one_cm":8133},"minecraft:picked_up":{"minecraft:raw_iron":17,"minecraft:stick":9,"minecraft:crafting_table":3,"minecraft:leather":2,"minecraft:acacia_log":31,"minecraft:flint":1,"minecraft:oak_log":11,"minecraft:dirt":14,"minecraft:beef":3,"minecraft:gray_wool":3,"minecraft:oak_sapling":3,"minecraft:acacia_sapling":7,"minecraft:coal":51,"minecraft:white_wool":5,"minecraft:cobblestone":84,"minecraft:sunflower":1}},"DataVersion":2975}