{"stats":{"minecraft:used":{"minecraft:stone_sword":306,"minecraft:armor_stand":1,"minecraft:diamond_hoe":131,"minecraft:shield":90,"minecraft:iron_sword":80,"minecraft:torch":67,"minecraft:tuff":1,"minecraft:iron_axe":9,"epicfight:glove":9,"minecraft:stone_bricks":16,"minecraft:furnace":1,"minecraft:polished_andesite":3,"minecraft:stone_pickaxe":194,"minecraft:wooden_pickaxe":41,"minecraft:crafting_table":5,"quark:acacia_chest":4,"minecraft:white_bed":2,"minecraft:shears":20,"minecraft:bread":28,"minecraft:iron_pickaxe":106,"minecraft:stone_axe":86,"minecraft:cobblestone":142,"quark:oak_chest":6},"minecraft:mined":{"quark:red_corundum":1,"minecraft:tuff":2,"minecraft:white_bed":1,"minecraft:glow_lichen":2,"minecraft:grass_block":8,"minecraft:spawner":3,"minecraft:hay_block":131,"minecraft:iron_ore":19,"treechop:chopped_log":6,"minecraft:pointed_dripstone":2,"minecraft:deepslate_iron_ore":1,"minecraft:dirt_path":2,"minecraft:stone":123,"minecraft:crafting_table":4,"minecraft:chest":1,"minecraft:lectern":1,"minecraft:mushroom_stem":4,"minecraft:tall_grass":5,"minecraft:cobblestone":60,"minecraft:wall_torch":1,"minecraft:skeleton_skull":1,"minecraft:red_terracotta":10,"minecraft:stone_brick_stairs":7,"minecraft:grass":26,"minecraft:coal_ore":51,"minecraft:sunflower":6,"minecraft:gravel":3,"minecraft:dripstone_block":2,"minecraft:dirt":8,"minecraft:lodestone":1,"minecraft:cobweb":30,"minecraft:cracked_stone_bricks":4,"minecraft:polished_andesite":3,"minecraft:stone_bricks":33,"minecraft:oak_leaves":1,"minecraft:emerald_block":1,"minecraft:infested_stone":1},"minecraft:broken":{"minecraft:stone_sword":2,"minecraft:iron_boots":1,"minecraft:chainmail_helmet":1,"minecraft:stone_pickaxe":1,"minecraft:chainmail_chestplate":2,"minecraft:iron_helmet":1},"minecraft:picked_up":{"minecraft:crafting_table":4,"dawncraft:crystallized_xp":2,"minecraft:wheat":67,"bloodandmadness:twin_blood_stone_shards":1,"minecraft:lead":2,"minecraft:string":22,"minecraft:iron_leggings":1,"minecraft:armor_stand":3,"minecraft:beef":4,"minecraft:iron_pickaxe":2,"minecraft:lectern":1,"bloodandmadness:pure_quicksilver":3,"minecraft:iron_boots":2,"minecraft:stick":13,"minecraft:raw_iron":20,"apotheosis:gem":1,"minecraft:torch":4,"minecraft:acacia_log":31,"minecraft:pointed_dripstone":3,"minecraft:trident":1,"hexerei:sage_seed":2,"minecraft:arrow":3,"minecraft:hay_block":108,"minecraft:red_tulip":1,"minecraft:mutton":2,"bloodandmadness:blood_stone_shard":2,"minecraft:skeleton_skull":1,"minecraft:white_wool":11,"minecraft:cobblestone":174,"minecraft:leather":2,"minecraft:flint":1,"minecraft:tuff":1,"minecraft:oak_log":22,"minecraft:chainmail_chestplate":2,"minecraft:dirt":20,"minecraft:bone":6,"minecraft:acacia_planks":48,"minecraft:apple":1,"minecraft:stone_bricks":19,"minecraft:wheat_seeds":2,"minecraft:iron_ingot":2,"minecraft:cobweb":12,"dannys_expansion:yellow_spores":2,"minecraft:iron_sword":2,"minecraft:oak_planks":15,"minecraft:acacia_sapling":7,"hexerei:animal_fat":1,"minecraft:scaffolding":11,"minecraft:emerald_block":1,"quark:red_corundum_cluster":2,"minecraft:dripstone_block":1,"minecraft:white_bed":1,"quark:red_corundum":2,"minecraft:red_terracotta":9,"minecraft:polished_andesite":3,"minecraft:stone_axe":2,"minecraft:chainmail_leggings":3,"minecraft:iron_helmet":1,"minecraft:gray_wool":3,"minecraft:chainmail_helmet":1,"minecraft:lodestone":1,"minecraft:oak_sapling":25,"minecraft:coal":63,"minecraft:sunflower":3},"minecraft:dropped":{"minecraft:bread":29,"minecraft:cobblestone":1,"minecraft:flint":1,"minecraft:torch":1,"minecraft:iron_leggings":1,"minecraft:slime_spawn_egg":3,"minecraft:iron_pickaxe":1,"minecraft:iron_shovel":1,"minecraft:chainmail_leggings":2,"minecraft:string":9,"minecraft:bone":2,"minecraft:stone_axe":4,"hexerei:sage_seed":2,"minecraft:wheat":3,"minecraft:iron_boots":1,"minecraft:chainmail_chestplate":1,"minecraft:shield":1,"minecraft:stone_pickaxe":1,"minecraft:scaffolding":11},"minecraft:custom":{"lootr:looted_stat":42,"minecraft:mob_kills":32,"minecraft:interact_with_crafting_table":26,"minecraft:open_barrel":8,"minecraft:damage_dealt_resisted":69,"minecraft:leave_game":6,"minecraft:time_since_death":8988,"minecraft:climb_one_cm":12928,"champions:champion_mobs_killed":31,"minecraft:sprint_one_cm":38174,"minecraft:walk_one_cm":1645605,"minecraft:damage_blocked_by_shield":1454,"minecraft:drop":24,"minecraft:damage_dealt_absorbed":180,"minecraft:play_time":261709,"minecraft:deaths":18,"minecraft:sneak_time":14715,"minecraft:interact_with_brewingstand":1,"minecraft:jump":1437,"minecraft:walk_on_water_one_cm":6931,"minecraft:total_world_time":261709,"minecraft:interact_with_furnace":26,"minecraft:sleep_in_bed":2,"minecraft:time_since_rest":9050,"minecraft:damage_taken":6751,"minecraft:damage_dealt":5442,"minecraft:fly_one_cm":35421,"minecraft:player_kills":4,"minecraft:open_chest":21,"minecraft:crouch_one_cm":35190,"minecraft:fall_one_cm":19428},"minecraft:crafted":{"minecraft:furnace":1,"minecraft:cooked_mutton":1,"quark:acacia_chest":5,"minecraft:stone_pickaxe":3,"minecraft:wheat":18,"minecraft:cooked_beef":3,"minecraft:crafting_table":2,"minecraft:stone_axe":2,"minecraft:air":837,"minecraft:stick":36,"quark:oak_chest":5,"minecraft:iron_ingot":17,"minecraft:stone_sword":3,"minecraft:iron_leggings":1,"minecraft:white_bed":1,"minecraft:torch":16,"minecraft:shears":1},"minecraft:killed":{"minecraft:spider":1,"dannys_expansion:foamspring":2,"minecraft:skeleton":10,"bloodandmadness:brainsucker":1,"minecraft:silverfish":4,"simple_mobs:minotaur":1,"minecraft:sheep":2,"minecraft:zombie":15,"minecraft:cow":2},"minecraft:killed_by":{"minecraft:player":3,"simple_mobs:minotaur":1,"minecraft:spider":2,"minecraft:pillager":1,"minecraft:zombie":3,"majruszsdifficulty:cursed_armor":6,"minecraft:vex":2}},"DataVersion":2975}