{"stats":{"minecraft:used":{"minecraft:bread":2,"epicfight:glove":9},"minecraft:mined":{"minecraft:tall_grass":1,"minecraft:grass":3,"minecraft:dirt_path":1,"minecraft:oak_leaves":1,"minecraft:sunflower":2,"minecraft:grass_block":1},"minecraft:custom":{"minecraft:jump":177,"minecraft:time_since_rest":51643,"minecraft:damage_dealt":72,"minecraft:walk_on_water_one_cm":2515,"minecraft:sprint_one_cm":1385,"minecraft:leave_game":2,"minecraft:play_time":51643,"minecraft:damage_taken":20,"minecraft:time_since_death":51643,"minecraft:walk_one_cm":168393,"minecraft:sneak_time":271,"minecraft:total_world_time":51643,"minecraft:fall_one_cm":691,"minecraft:fly_one_cm":159},"minecraft:picked_up":{"minecraft:dirt":2,"minecraft:sunflower":1}},"DataVersion":2975}