{"stats":{"minecraft:used":{"minecraft:bread":2,"epicfight:glove":2},"minecraft:mined":{"minecraft:grass":3,"minecraft:sunflower":2},"minecraft:custom":{"minecraft:jump":125,"minecraft:time_since_rest":39643,"minecraft:walk_on_water_one_cm":2515,"minecraft:sprint_one_cm":1385,"minecraft:leave_game":2,"minecraft:play_time":39643,"minecraft:damage_taken":20,"minecraft:time_since_death":39643,"minecraft:walk_one_cm":133396,"minecraft:sneak_time":136,"minecraft:total_world_time":39643,"minecraft:fall_one_cm":691,"minecraft:fly_one_cm":132},"minecraft:picked_up":{"minecraft:sunflower":1}},"DataVersion":2975}