{"stats":{"minecraft:crafted":{"blue_skies:blue_journal":1,"minecraft:oak_planks":8,"minecraft:stick":4,"minecraft:wooden_pickaxe":1,"minecraft:stone_pickaxe":1,"minecraft:stone_sword":1,"minecraft:cooked_mutton":1},"minecraft:picked_up":{"minecraft:raw_iron":5,"minecraft:stick":5,"minecraft:coarse_dirt":2,"paraglider:spirit_orb":1,"minecraft:oak_log":5,"minecraft:red_bed":2,"minecraft:wheat_seeds":1,"minecraft:light_gray_wool":1,"minecraft:oak_sapling":5,"minecraft:mutton":1,"minecraft:cobblestone":9},"minecraft:custom":{"minecraft:time_since_rest":2098,"minecraft:interact_with_furnace":5,"lootr:looted_stat":4,"minecraft:sprint_one_cm":28371,"minecraft:damage_taken":100,"minecraft:walk_one_cm":218394,"minecraft:mob_kills":1,"minecraft:damage_dealt":81,"minecraft:traded_with_villager":1,"minecraft:talked_to_villager":1,"minecraft:interact_with_crafting_table":9,"minecraft:fly_one_cm":17540,"minecraft:open_chest":1,"minecraft:play_time":17741,"minecraft:jump":345,"minecraft:eat_cake_slice":1,"minecraft:time_since_death":17741,"minecraft:sleep_in_bed":1,"minecraft:total_world_time":17741,"minecraft:fall_one_cm":2614},"minecraft:mined":{"minecraft:coarse_dirt":3,"minecraft:red_bed":2,"minecraft:iron_ore":4,"treechop:chopped_log":1,"minecraft:glow_lichen":1,"minecraft:grass":3,"minecraft:deepslate_iron_ore":1,"minecraft:dirt":1,"minecraft:tall_grass":2,"minecraft:stone":9,"minecraft:oak_leaves":13},"minecraft:killed":{"minecraft:sheep":1},"minecraft:used":{"minecraft:stone_sword":14,"minecraft:bread":2,"minecraft:stone_pickaxe":6,"minecraft:wooden_pickaxe":9,"minecraft:red_bed":1}},"DataVersion":2975}