{"stats":{"minecraft:crafted":{"blue_skies:blue_journal":1,"minecraft:oak_planks":12,"minecraft:wooden_pickaxe":1,"minecraft:iron_helmet":1,"minecraft:iron_sword":1,"minecraft:cooked_mutton":1,"minecraft:iron_boots":1,"minecraft:stick":8,"minecraft:iron_ingot":14,"minecraft:iron_pickaxe":1,"minecraft:stone_pickaxe":1,"minecraft:stone_sword":1},"minecraft:custom":{"lootr:looted_stat":9,"minecraft:interact_with_furnace":10,"minecraft:mob_kills":2,"minecraft:traded_with_villager":1,"minecraft:interact_with_crafting_table":14,"minecraft:open_barrel":2,"minecraft:pot_flower":3,"minecraft:eat_cake_slice":3,"minecraft:leave_game":1,"minecraft:time_since_death":22843,"minecraft:sleep_in_bed":2,"minecraft:climb_one_cm":867,"minecraft:time_since_rest":20001,"champions:champion_mobs_killed":1,"minecraft:sprint_one_cm":82849,"minecraft:walk_one_cm":576622,"minecraft:damage_taken":725,"minecraft:drop":4,"minecraft:damage_dealt":162,"minecraft:talked_to_villager":2,"minecraft:fly_one_cm":42894,"minecraft:open_chest":13,"minecraft:play_time":49200,"minecraft:deaths":1,"minecraft:jump":840,"minecraft:walk_on_water_one_cm":97,"minecraft:total_world_time":49200,"minecraft:fall_one_cm":6424},"minecraft:picked_up":{"minecraft:coarse_dirt":7,"minecraft:flower_pot":3,"minecraft:wither_rose":1,"paraglider:spirit_orb":1,"minecraft:oak_log":5,"minecraft:brewing_stand":1,"minecraft:red_bed":4,"minecraft:dirt":6,"minecraft:stone_bricks":2,"minecraft:cracked_stone_bricks":1,"minecraft:wheat_seeds":2,"minecraft:light_gray_wool":1,"minecraft:stick":5,"minecraft:raw_iron":5,"blue_skies:chillweed":1,"hexerei:sage_seed":2,"quark:orange_blossom_sapling":1,"minecraft:iron_block":1,"hunterillager:boomerang":5,"minecraft:oak_sapling":5,"minecraft:coal":6,"minecraft:mutton":1,"minecraft:iron_bars":1,"minecraft:skeleton_skull":3,"minecraft:cobblestone":9},"minecraft:killed_by":{"minecraft:skeleton":1},"minecraft:mined":{"create:zinc_ore":1,"minecraft:red_bed":3,"minecraft:potted_wither_rose":1,"minecraft:brewing_stand":1,"minecraft:glow_lichen":1,"minecraft:grass_block":2,"blue_skies:potted_chillweed":1,"minecraft:stone_slab":1,"minecraft:tall_grass":4,"minecraft:spawner":1,"minecraft:skeleton_skull":3,"minecraft:coarse_dirt":8,"minecraft:iron_ore":4,"treechop:chopped_log":1,"minecraft:grass":8,"minecraft:coal_ore":6,"minecraft:deepslate_iron_ore":1,"minecraft:iron_bars":1,"quark:potted_orange_blossom_sapling":1,"minecraft:dirt":5,"minecraft:cracked_stone_bricks":1,"minecraft:stone":11,"minecraft:stone_bricks":2,"minecraft:iron_block":1,"minecraft:infested_stone":1,"minecraft:oak_leaves":13,"minecraft:deepslate":1},"minecraft:killed":{"minecraft:sheep":1,"minecraft:silverfish":1},"minecraft:dropped":{"hunterillager:boomerang":2,"minecraft:stone_bricks":2,"minecraft:black_wool":1},"minecraft:used":{"minecraft:stone_sword":29,"minecraft:stone_pickaxe":8,"minecraft:wooden_pickaxe":9,"minecraft:red_bed":2,"minecraft:mushroom_stew":1,"minecraft:flower_pot":3,"minecraft:bread":8,"minecraft:iron_pickaxe":17}},"DataVersion":2975}