{"stats":{"minecraft:crafted":{"blue_skies:blue_journal":1,"minecraft:oak_planks":12,"minecraft:iron_boots":1,"minecraft:iron_pickaxe":1,"minecraft:stick":8,"minecraft:iron_helmet":1,"minecraft:iron_ingot":14,"minecraft:wooden_pickaxe":1,"minecraft:stone_pickaxe":1,"minecraft:stone_sword":1,"minecraft:iron_sword":1,"minecraft:cooked_mutton":1},"minecraft:picked_up":{"minecraft:raw_iron":5,"minecraft:stick":5,"minecraft:coarse_dirt":3,"blue_skies:chillweed":1,"minecraft:flower_pot":3,"minecraft:wither_rose":1,"paraglider:spirit_orb":1,"minecraft:oak_log":5,"minecraft:dirt":2,"minecraft:red_bed":3,"hexerei:sage_seed":2,"minecraft:stone_bricks":2,"minecraft:cracked_stone_bricks":1,"minecraft:wheat_seeds":2,"quark:orange_blossom_sapling":1,"minecraft:iron_block":1,"minecraft:light_gray_wool":1,"minecraft:oak_sapling":5,"minecraft:mutton":1,"minecraft:iron_bars":1,"minecraft:cobblestone":9},"minecraft:custom":{"minecraft:time_since_rest":542,"champions:champion_mobs_killed":1,"minecraft:interact_with_furnace":10,"lootr:looted_stat":4,"minecraft:sprint_one_cm":45679,"minecraft:damage_taken":415,"minecraft:walk_one_cm":302087,"minecraft:mob_kills":2,"minecraft:damage_dealt":162,"minecraft:traded_with_villager":1,"minecraft:talked_to_villager":2,"minecraft:interact_with_crafting_table":14,"minecraft:fly_one_cm":25715,"minecraft:open_chest":1,"minecraft:play_time":29741,"minecraft:deaths":1,"minecraft:pot_flower":3,"minecraft:jump":507,"minecraft:eat_cake_slice":3,"minecraft:time_since_death":3384,"minecraft:sleep_in_bed":2,"minecraft:total_world_time":29741,"minecraft:fall_one_cm":3450},"minecraft:killed_by":{"minecraft:skeleton":1},"minecraft:mined":{"minecraft:coarse_dirt":4,"minecraft:red_bed":3,"minecraft:potted_wither_rose":1,"minecraft:iron_ore":4,"treechop:chopped_log":1,"minecraft:glow_lichen":1,"minecraft:grass":8,"blue_skies:potted_chillweed":1,"minecraft:grass_block":1,"minecraft:deepslate_iron_ore":1,"minecraft:iron_bars":1,"quark:potted_orange_blossom_sapling":1,"minecraft:dirt":2,"minecraft:tall_grass":4,"minecraft:cracked_stone_bricks":1,"minecraft:stone_bricks":2,"minecraft:iron_block":1,"minecraft:stone":11,"minecraft:oak_leaves":13,"minecraft:infested_stone":1,"minecraft:spawner":1},"minecraft:killed":{"minecraft:sheep":1,"minecraft:silverfish":1},"minecraft:used":{"minecraft:flower_pot":3,"minecraft:stone_sword":29,"minecraft:bread":3,"minecraft:stone_pickaxe":8,"minecraft:iron_pickaxe":7,"minecraft:wooden_pickaxe":9,"minecraft:red_bed":2}},"DataVersion":2975}