{"stats":{"minecraft:crafted":{"minecraft:oak_planks":24,"minecraft:crafting_table":1},"minecraft:used":{"epicfight:uchigatana":6},"minecraft:custom":{"minecraft:time_since_rest":16200,"minecraft:play_time":16200,"minecraft:sprint_one_cm":13259,"minecraft:damage_taken":20,"minecraft:walk_one_cm":46921,"minecraft:sneak_time":26,"minecraft:walk_under_water_one_cm":3263,"minecraft:mob_kills":4,"minecraft:jump":108,"minecraft:damage_dealt":340,"minecraft:walk_on_water_one_cm":5021,"minecraft:time_since_death":16200,"minecraft:total_world_time":16200,"minecraft:climb_one_cm":553,"minecraft:interact_with_crafting_table":2,"minecraft:swim_one_cm":14470,"minecraft:damage_dealt_absorbed":196,"minecraft:fall_one_cm":1645,"minecraft:fly_one_cm":12323},"minecraft:picked_up":{"hexerei:animal_fat":1,"minecraft:stick":2,"minecraft:beef":2,"minecraft:gray_wool":1,"minecraft:oak_log":6,"minecraft:oak_sapling":2,"minecraft:mutton":6,"minecraft:white_wool":1},"minecraft:mined":{"minecraft:grass":1,"treechop:chopped_log":1},"minecraft:killed":{"minecraft:sheep":3,"minecraft:cow":1}},"DataVersion":2975}