{"stats":{"minecraft:picked_up":{"dawncraft:crystallized_xp":1,"minecraft:feather":1,"minecraft:lead":2,"minecraft:enchanted_book":3,"paraglider:spirit_orb":1,"minecraft:oak_log":6,"minecraft:chainmail_chestplate":2,"minecraft:shield":1,"minecraft:dirt":20,"minecraft:string":47,"minecraft:red_bed":1,"minecraft:bone":4,"minecraft:wheat_seeds":2,"minecraft:cobweb":5,"minecraft:stick":2,"apotheosis:gem":1,"minecraft:gravel":2,"simple_mobs:blighted_meat":2,"minecraft:spider_eye":1,"minecraft:arrow":6,"minecraft:hay_block":22,"untamedwilds:flora_yarrow":2,"minecraft:mutton":6,"minecraft:white_wool":4,"minecraft:cobblestone":38},"minecraft:crafted":{"minecraft:wooden_sword":1,"minecraft:oak_planks":24,"minecraft:wooden_pickaxe":1,"minecraft:stick":12,"minecraft:stone_pickaxe":1,"minecraft:stone_sword":2,"minecraft:white_bed":1,"minecraft:torch":28},"minecraft:broken":{"minecraft:chainmail_chestplate":2,"minecraft:stone_sword":1,"minecraft:wooden_sword":1},"minecraft:dropped":{"minecraft:enchanted_book":2,"minecraft:coal":12,"minecraft:chainmail_chestplate":1},"minecraft:used":{"minecraft:stone_sword":82,"minecraft:wooden_pickaxe":44,"minecraft:torch":6,"minecraft:dirt":12,"minecraft:white_bed":1,"minecraft:bread":5,"minecraft:iron_pickaxe":7,"epicfight:glove":47,"minecraft:wooden_sword":53},"minecraft:mined":{"minecraft:red_bed":1,"minecraft:grass_block":1,"minecraft:tall_grass":1,"minecraft:cobblestone":4,"minecraft:hay_block":14,"untamedwilds:flora_yarrow":2,"treechop:chopped_log":1,"minecraft:grass":9,"minecraft:dirt":4,"minecraft:cobweb":53,"minecraft:stone":32,"minecraft:oak_leaves":2},"minecraft:custom":{"minecraft:interact_with_furnace":5,"lootr:looted_stat":7,"minecraft:mob_kills":10,"minecraft:interact_with_crafting_table":6,"minecraft:open_barrel":19,"minecraft:damage_dealt_resisted":109,"minecraft:leave_game":1,"minecraft:time_since_death":25908,"minecraft:sleep_in_bed":2,"minecraft:climb_one_cm":11479,"minecraft:time_since_rest":15580,"champions:champion_mobs_killed":5,"minecraft:sprint_one_cm":58246,"minecraft:damage_taken":6091,"minecraft:walk_one_cm":725156,"minecraft:drop":4,"minecraft:damage_dealt":1538,"minecraft:damage_dealt_absorbed":69,"minecraft:talked_to_villager":5,"minecraft:fly_one_cm":13841,"minecraft:player_kills":2,"minecraft:open_chest":13,"minecraft:crouch_one_cm":3201,"minecraft:play_time":79235,"minecraft:deaths":18,"minecraft:sneak_time":2017,"minecraft:jump":451,"minecraft:total_world_time":79235,"minecraft:fall_one_cm":7695},"minecraft:killed":{"minecraft:spider":2,"majruszsdifficulty:cursed_armor":2,"minecraft:skeleton":1,"minecraft:sheep":4,"alexsmobs:crow":1},"minecraft:killed_by":{"minecraft:evoker":1,"minecraft:player":4,"simple_mobs:minotaur":1,"minecraft:skeleton":6,"minecraft:zombie":1,"majruszsdifficulty:cursed_armor":5}},"DataVersion":2975}