{"stats":{"minecraft:picked_up":{"dawncraft:crystallized_xp":1,"minecraft:feather":1,"minecraft:lead":2,"minecraft:enchanted_book":3,"paraglider:spirit_orb":1,"minecraft:oak_log":6,"minecraft:chainmail_chestplate":2,"minecraft:shield":1,"minecraft:dirt":20,"minecraft:string":47,"minecraft:red_bed":1,"minecraft:bone":5,"minecraft:wheat_seeds":2,"minecraft:cobweb":5,"minecraft:stick":2,"apotheosis:gem":1,"quark:red_corundum_cluster":6,"minecraft:torch":1,"minecraft:dripstone_block":1,"minecraft:gravel":2,"simple_mobs:blighted_meat":2,"quark:red_corundum":2,"minecraft:spider_eye":1,"minecraft:stone_sword":1,"minecraft:arrow":7,"minecraft:hay_block":22,"minecraft:bread":29,"untamedwilds:flora_yarrow":2,"minecraft:mutton":6,"minecraft:white_wool":4,"minecraft:cobblestone":45},"minecraft:crafted":{"minecraft:wooden_sword":1,"minecraft:oak_planks":24,"minecraft:wooden_pickaxe":1,"minecraft:iron_sword":2,"minecraft:stick":16,"minecraft:stone_pickaxe":1,"minecraft:stone_sword":2,"minecraft:white_bed":1,"minecraft:torch":28},"minecraft:broken":{"minecraft:chainmail_chestplate":2,"minecraft:stone_sword":1,"minecraft:wooden_sword":1},"minecraft:dropped":{"minecraft:enchanted_book":2,"minecraft:coal":12,"minecraft:chainmail_chestplate":1},"minecraft:used":{"minecraft:stone_sword":185,"minecraft:wooden_pickaxe":44,"minecraft:torch":6,"minecraft:dirt":19,"minecraft:white_bed":1,"minecraft:bread":9,"minecraft:iron_pickaxe":29,"epicfight:glove":47,"minecraft:gravel":2,"minecraft:wooden_sword":53},"minecraft:mined":{"quark:red_corundum":3,"minecraft:red_bed":1,"minecraft:grass_block":1,"minecraft:tall_grass":1,"minecraft:cobblestone":4,"minecraft:wall_torch":1,"minecraft:hay_block":14,"untamedwilds:flora_yarrow":2,"treechop:chopped_log":1,"minecraft:grass":9,"minecraft:dripstone_block":1,"minecraft:dirt":4,"minecraft:cobweb":53,"minecraft:stone":44,"minecraft:oak_leaves":2,"quark:red_corundum_cluster":4},"minecraft:custom":{"minecraft:interact_with_furnace":5,"lootr:looted_stat":8,"minecraft:mob_kills":18,"minecraft:interact_with_crafting_table":7,"minecraft:open_barrel":19,"minecraft:damage_dealt_resisted":109,"minecraft:leave_game":1,"minecraft:time_since_death":3124,"minecraft:sleep_in_bed":2,"minecraft:climb_one_cm":11555,"minecraft:time_since_rest":3263,"champions:champion_mobs_killed":9,"minecraft:sprint_one_cm":65231,"minecraft:damage_taken":6420,"minecraft:walk_one_cm":777934,"minecraft:drop":4,"minecraft:damage_dealt":2286,"minecraft:damage_dealt_absorbed":69,"minecraft:talked_to_villager":5,"minecraft:fly_one_cm":15204,"minecraft:player_kills":2,"minecraft:open_chest":16,"minecraft:crouch_one_cm":5301,"minecraft:play_time":91235,"minecraft:deaths":19,"minecraft:sneak_time":4078,"minecraft:jump":566,"minecraft:total_world_time":91235,"minecraft:fall_one_cm":8582},"minecraft:killed":{"minecraft:spider":2,"majruszsdifficulty:cursed_armor":2,"minecraft:skeleton":1,"minecraft:sheep":4,"minecraft:silverfish":4,"alexsmobs:crow":1},"minecraft:killed_by":{"minecraft:evoker":1,"minecraft:player":4,"simple_mobs:minotaur":1,"minecraft:skeleton":7,"minecraft:zombie":1,"majruszsdifficulty:cursed_armor":5}},"DataVersion":2975}