{"stats":{"minecraft:picked_up":{"dawncraft:crystallized_xp":1,"immersive_weathering:mossy_stone":1,"minecraft:feather":1,"minecraft:lead":2,"minecraft:enchanted_book":4,"paraglider:spirit_orb":1,"minecraft:stone_brick_stairs":5,"minecraft:oak_log":6,"minecraft:chainmail_chestplate":2,"minecraft:shield":1,"minecraft:string":47,"minecraft:dirt":21,"minecraft:red_bed":1,"minecraft:iron_shovel":1,"minecraft:bone":8,"minecraft:stone_bricks":2,"minecraft:wheat_seeds":2,"minecraft:cobweb":5,"minecraft:iron_pickaxe":1,"minecraft:stick":2,"apotheosis:gem":1,"quark:red_corundum_cluster":6,"minecraft:torch":2,"minecraft:dripstone_block":2,"minecraft:gravel":2,"minecraft:pointed_dripstone":7,"simple_mobs:blighted_meat":2,"quark:red_corundum":2,"minecraft:spider_eye":1,"minecraft:stone_sword":1,"minecraft:arrow":8,"minecraft:rotten_flesh":9,"minecraft:hay_block":22,"minecraft:bread":29,"minecraft:mutton":6,"untamedwilds:flora_yarrow":2,"minecraft:white_wool":4,"minecraft:cobblestone":63},"minecraft:crafted":{"minecraft:wooden_sword":1,"minecraft:oak_planks":24,"minecraft:crafting_table":1,"minecraft:wooden_pickaxe":1,"minecraft:iron_sword":4,"minecraft:stick":16,"minecraft:stone_pickaxe":1,"minecraft:stone_sword":2,"minecraft:white_bed":1,"minecraft:torch":28},"minecraft:broken":{"minecraft:chainmail_chestplate":2,"minecraft:wooden_sword":1,"minecraft:stone_sword":2,"minecraft:iron_sword":1},"minecraft:dropped":{"minecraft:enchanted_book":2,"minecraft:iron_sword":1,"minecraft:coal":12,"minecraft:chainmail_chestplate":1,"minecraft:iron_pickaxe":2},"minecraft:used":{"minecraft:stone_sword":193,"minecraft:stone_pickaxe":1,"minecraft:wooden_pickaxe":44,"minecraft:iron_sword":279,"minecraft:torch":11,"minecraft:dirt":20,"minecraft:crafting_table":1,"minecraft:white_bed":1,"minecraft:bread":11,"minecraft:iron_pickaxe":56,"epicfight:glove":47,"minecraft:gravel":2,"minecraft:diamond_sword":1,"minecraft:wooden_sword":53,"minecraft:cobblestone":11},"minecraft:mined":{"quark:red_corundum":3,"minecraft:red_bed":1,"minecraft:grass_block":1,"minecraft:tall_grass":1,"minecraft:cobblestone":14,"minecraft:wall_torch":2,"minecraft:hay_block":14,"untamedwilds:flora_yarrow":2,"immersive_weathering:mossy_stone":1,"treechop:chopped_log":1,"minecraft:stone_brick_stairs":1,"minecraft:grass":9,"minecraft:pointed_dripstone":6,"minecraft:dripstone_block":2,"minecraft:dirt":5,"minecraft:cobweb":53,"minecraft:stone":52,"minecraft:stone_bricks":2,"minecraft:oak_leaves":2,"quark:red_corundum_cluster":4},"minecraft:custom":{"lootr:looted_stat":19,"minecraft:interact_with_furnace":5,"minecraft:mob_kills":33,"minecraft:interact_with_crafting_table":8,"minecraft:open_barrel":19,"minecraft:damage_dealt_resisted":109,"minecraft:leave_game":2,"minecraft:time_since_death":31477,"minecraft:sleep_in_bed":2,"minecraft:climb_one_cm":12641,"minecraft:time_since_rest":31616,"champions:champion_mobs_killed":21,"minecraft:sprint_one_cm":65231,"minecraft:walk_one_cm":924857,"minecraft:damage_taken":6490,"minecraft:drop":7,"minecraft:damage_dealt":4007,"minecraft:fly_one_cm":15534,"minecraft:damage_dealt_absorbed":69,"minecraft:talked_to_villager":5,"minecraft:player_kills":2,"minecraft:open_chest":16,"minecraft:crouch_one_cm":7489,"minecraft:play_time":119588,"minecraft:deaths":19,"minecraft:sneak_time":5117,"minecraft:jump":689,"minecraft:walk_on_water_one_cm":318,"minecraft:total_world_time":119588,"minecraft:fall_one_cm":10755},"minecraft:killed":{"minecraft:spider":2,"majruszsdifficulty:cursed_armor":2,"minecraft:sheep":4,"minecraft:skeleton":3,"minecraft:zombie":10,"minecraft:silverfish":4,"alexsmobs:crow":1},"minecraft:killed_by":{"minecraft:evoker":1,"minecraft:player":4,"simple_mobs:minotaur":1,"minecraft:skeleton":7,"minecraft:zombie":1,"majruszsdifficulty:cursed_armor":5}},"DataVersion":2975}