{"stats":{"minecraft:crafted":{"minecraft:wooden_sword":1,"minecraft:oak_planks":24,"minecraft:crafting_table":1,"minecraft:wooden_pickaxe":1,"minecraft:iron_sword":4,"minecraft:stick":16,"minecraft:stone_pickaxe":1,"minecraft:stone_sword":2,"minecraft:white_bed":1,"minecraft:torch":28},"minecraft:custom":{"minecraft:interact_with_furnace":5,"lootr:looted_stat":70,"minecraft:mob_kills":85,"minecraft:interact_with_crafting_table":9,"minecraft:open_barrel":19,"minecraft:damage_dealt_resisted":109,"minecraft:leave_game":7,"minecraft:time_since_death":21902,"minecraft:sleep_in_bed":2,"minecraft:climb_one_cm":14844,"minecraft:time_since_rest":21959,"champions:champion_mobs_killed":63,"minecraft:sprint_one_cm":184139,"minecraft:damage_taken":21057,"minecraft:walk_one_cm":2756857,"minecraft:drop":13,"minecraft:damage_dealt":20982,"minecraft:damage_dealt_absorbed":1602,"minecraft:talked_to_villager":6,"minecraft:fly_one_cm":56811,"minecraft:player_kills":15,"minecraft:open_chest":58,"minecraft:crouch_one_cm":16043,"minecraft:play_time":287917,"minecraft:deaths":63,"minecraft:sneak_time":8373,"minecraft:walk_under_water_one_cm":1774,"minecraft:jump":1302,"minecraft:interact_with_brewingstand":1,"minecraft:walk_on_water_one_cm":3753,"minecraft:total_world_time":287917,"minecraft:fall_one_cm":15399},"minecraft:picked_up":{"irons_spellbooks:scroll":3,"dawncraft:crystallized_xp":5,"immersive_weathering:mossy_stone":1,"minecraft:feather":2,"minecraft:chicken":1,"minecraft:lead":2,"minecraft:enchanted_book":5,"paraglider:spirit_orb":1,"immersive_weathering:cracked_stone_brick_stairs":2,"minecraft:stone_brick_stairs":6,"minecraft:oak_log":6,"minecraft:chainmail_chestplate":3,"minecraft:shield":1,"minecraft:string":53,"minecraft:dirt":22,"minecraft:red_bed":1,"minecraft:iron_axe":2,"irons_spellbooks:rare_ink":1,"minecraft:iron_shovel":1,"minecraft:red_carpet":1,"minecraft:bone":12,"minecraft:apple":2,"minecraft:stone_bricks":10,"minecraft:cracked_stone_bricks":9,"irons_spellbooks:arcane_essence":68,"minecraft:wheat_seeds":2,"minecraft:candle":3,"minecraft:iron_ingot":1,"minecraft:cobweb":5,"minecraft:iron_pickaxe":1,"minecraft:oak_planks":4,"minecraft:egg":2,"minecraft:stick":2,"minecraft:polished_deepslate_slab":15,"apotheosis:gem":2,"quark:red_corundum_cluster":6,"minecraft:torch":16,"minecraft:spruce_fence":2,"minecraft:dripstone_block":2,"minecraft:gravel":8,"minecraft:pointed_dripstone":17,"simple_mobs:blighted_meat":2,"quark:red_corundum":2,"minecraft:spider_eye":1,"minecraft:arrow":16,"minecraft:rotten_flesh":37,"minecraft:stone_sword":1,"minecraft:stone_axe":1,"minecraft:hay_block":22,"minecraft:bread":48,"untamedwilds:flora_yarrow":2,"irons_spellbooks:uncommon_ink":1,"minecraft:mutton":6,"minecraft:white_wool":4,"minecraft:cobblestone":85},"minecraft:broken":{"minecraft:chainmail_chestplate":2,"minecraft:chainmail_leggings":2,"minecraft:wooden_sword":1,"minecraft:stone_sword":2,"minecraft:iron_sword":1,"minecraft:iron_boots":2,"minecraft:iron_chestplate":1,"minecraft:chainmail_helmet":1},"minecraft:killed_by":{"minecraft:evoker":1,"minecraft:player":17,"irons_spellbooks:dead_king":23,"simple_mobs:minotaur":1,"minecraft:skeleton":13,"minecraft:zombie":3,"majruszsdifficulty:cursed_armor":5},"minecraft:mined":{"quark:red_corundum":3,"minecraft:tuff":2,"minecraft:red_carpet":1,"minecraft:red_bed":1,"minecraft:candle":1,"minecraft:torch":1,"minecraft:cobbled_deepslate_slab":1,"minecraft:calcite":1,"minecraft:spruce_fence":2,"minecraft:grass_block":2,"minecraft:tall_grass":1,"minecraft:cobblestone":19,"minecraft:wall_torch":5,"minecraft:spawner":3,"minecraft:hay_block":14,"untamedwilds:flora_yarrow":2,"immersive_weathering:mossy_stone":1,"minecraft:cobbled_deepslate":2,"treechop:chopped_log":1,"minecraft:stone_brick_stairs":2,"minecraft:grass":9,"minecraft:pointed_dripstone":11,"minecraft:polished_deepslate_slab":16,"minecraft:gravel":6,"minecraft:dripstone_block":2,"minecraft:dirt":5,"minecraft:cobweb":60,"minecraft:cracked_stone_bricks":11,"minecraft:stone":65,"minecraft:stone_bricks":13,"minecraft:oak_leaves":2,"quark:red_corundum_cluster":4},"minecraft:killed":{"irons_spellbooks:summoned_zombie":7,"minecraft:spider":2,"kobolds:kobold_rascal":1,"majruszsdifficulty:cursed_armor":2,"minecraft:sheep":4,"minecraft:skeleton":9,"minecraft:zombie":36,"minecraft:chicken":1,"minecraft:silverfish":4,"alexsmobs:crow":1,"irons_spellbooks:summoned_skeleton":2,"goblintraders:goblin_trader":2},"minecraft:dropped":{"minecraft:iron_sword":1,"minecraft:enchanted_book":2,"minecraft:coal":12,"minecraft:chainmail_chestplate":1,"minecraft:trident":1,"minecraft:charcoal":5,"minecraft:iron_leggings":1,"minecraft:iron_axe":2,"minecraft:arrow":1,"minecraft:iron_pickaxe":2},"minecraft:used":{"minecraft:stone_sword":193,"minecraft:stone_pickaxe":25,"minecraft:wooden_pickaxe":44,"minecraft:iron_sword":283,"minecraft:torch":33,"minecraft:dirt":20,"minecraft:crafting_table":1,"minecraft:white_bed":1,"minecraft:bread":24,"minecraft:iron_pickaxe":115,"epicfight:glove":47,"minecraft:gravel":8,"minecraft:stone_bricks":5,"minecraft:diamond_sword":417,"minecraft:wooden_sword":53,"minecraft:cobblestone":36,"minecraft:bow":3}},"DataVersion":2975}