{"stats":{"minecraft:picked_up":{"dawncraft:crystallized_xp":1,"apotheosis:gem":1,"minecraft:stick":2,"minecraft:enchanted_book":1,"paraglider:spirit_orb":1,"minecraft:oak_log":6,"minecraft:chainmail_chestplate":2,"simple_mobs:blighted_meat":2,"minecraft:string":45,"minecraft:dirt":16,"minecraft:bone":4,"minecraft:arrow":4,"minecraft:wheat_seeds":1,"minecraft:hay_block":1,"minecraft:mutton":6,"untamedwilds:flora_yarrow":2,"minecraft:white_wool":4,"minecraft:cobblestone":30},"minecraft:crafted":{"minecraft:wooden_sword":1,"minecraft:oak_planks":24,"minecraft:stick":4,"minecraft:wooden_pickaxe":1,"minecraft:stone_pickaxe":1,"minecraft:stone_sword":1},"minecraft:dropped":{"minecraft:chainmail_chestplate":1},"minecraft:broken":{"minecraft:chainmail_chestplate":2,"minecraft:wooden_sword":1},"minecraft:used":{"minecraft:stone_sword":47,"minecraft:bread":2,"epicfight:glove":47,"minecraft:wooden_pickaxe":38,"minecraft:wooden_sword":53},"minecraft:mined":{"untamedwilds:flora_yarrow":2,"treechop:chopped_log":1,"minecraft:grass":8,"minecraft:grass_block":1,"minecraft:cobweb":53,"minecraft:tall_grass":1,"minecraft:cobblestone":1,"minecraft:stone":27,"minecraft:oak_leaves":2,"minecraft:hay_block":9},"minecraft:custom":{"lootr:looted_stat":5,"minecraft:time_since_rest":5603,"champions:champion_mobs_killed":3,"minecraft:sprint_one_cm":34485,"minecraft:damage_taken":5490,"minecraft:walk_one_cm":414946,"minecraft:mob_kills":5,"minecraft:drop":1,"minecraft:damage_dealt":1075,"minecraft:talked_to_villager":1,"minecraft:damage_dealt_absorbed":69,"minecraft:interact_with_crafting_table":2,"minecraft:player_kills":2,"minecraft:fly_one_cm":9930,"minecraft:open_barrel":5,"minecraft:open_chest":5,"minecraft:crouch_one_cm":10,"minecraft:play_time":43235,"minecraft:deaths":17,"minecraft:sneak_time":23,"minecraft:jump":277,"minecraft:damage_dealt_resisted":109,"minecraft:leave_game":1,"minecraft:time_since_death":5543,"minecraft:sleep_in_bed":1,"minecraft:climb_one_cm":8349,"minecraft:total_world_time":43235,"minecraft:fall_one_cm":5783},"minecraft:killed":{"minecraft:sheep":4,"minecraft:skeleton":1,"majruszsdifficulty:cursed_armor":2},"minecraft:killed_by":{"minecraft:evoker":1,"majruszsdifficulty:cursed_armor":5,"minecraft:player":4,"simple_mobs:minotaur":1,"minecraft:skeleton":5,"minecraft:zombie":1}},"DataVersion":2975}