{"stats":{"minecraft:picked_up":{"dawncraft:crystallized_xp":1,"apotheosis:gem":1,"minecraft:stick":2,"minecraft:feather":1,"minecraft:lead":2,"minecraft:enchanted_book":3,"paraglider:spirit_orb":1,"minecraft:oak_log":6,"minecraft:chainmail_chestplate":2,"minecraft:shield":1,"minecraft:spider_eye":1,"minecraft:red_bed":1,"simple_mobs:blighted_meat":2,"minecraft:string":47,"minecraft:dirt":16,"minecraft:bone":4,"minecraft:arrow":6,"minecraft:wheat_seeds":2,"minecraft:hay_block":22,"minecraft:cobweb":5,"minecraft:mutton":6,"untamedwilds:flora_yarrow":2,"minecraft:white_wool":4,"minecraft:cobblestone":31},"minecraft:crafted":{"minecraft:wooden_sword":1,"minecraft:oak_planks":24,"minecraft:stick":12,"minecraft:wooden_pickaxe":1,"minecraft:stone_pickaxe":1,"minecraft:stone_sword":2,"minecraft:white_bed":1,"minecraft:torch":16},"minecraft:dropped":{"minecraft:enchanted_book":2,"minecraft:chainmail_chestplate":1},"minecraft:broken":{"minecraft:chainmail_chestplate":2,"minecraft:wooden_sword":1},"minecraft:used":{"minecraft:stone_sword":79,"minecraft:bread":5,"epicfight:glove":47,"minecraft:wooden_pickaxe":44,"minecraft:torch":4,"minecraft:wooden_sword":53,"minecraft:white_bed":1},"minecraft:mined":{"untamedwilds:flora_yarrow":2,"minecraft:red_bed":1,"treechop:chopped_log":1,"minecraft:grass":9,"minecraft:grass_block":1,"minecraft:cobweb":53,"minecraft:tall_grass":1,"minecraft:cobblestone":2,"minecraft:stone":27,"minecraft:oak_leaves":2,"minecraft:hay_block":14},"minecraft:custom":{"lootr:looted_stat":6,"minecraft:time_since_rest":3580,"champions:champion_mobs_killed":5,"minecraft:sprint_one_cm":58246,"minecraft:damage_taken":6091,"minecraft:walk_one_cm":671724,"minecraft:mob_kills":10,"minecraft:drop":3,"minecraft:damage_dealt":1538,"minecraft:talked_to_villager":4,"minecraft:damage_dealt_absorbed":69,"minecraft:interact_with_crafting_table":6,"minecraft:player_kills":2,"minecraft:fly_one_cm":13841,"minecraft:open_barrel":19,"minecraft:open_chest":13,"minecraft:crouch_one_cm":10,"minecraft:play_time":67235,"minecraft:deaths":18,"minecraft:sneak_time":27,"minecraft:jump":358,"minecraft:damage_dealt_resisted":109,"minecraft:leave_game":1,"minecraft:time_since_death":13908,"minecraft:sleep_in_bed":2,"minecraft:climb_one_cm":11479,"minecraft:total_world_time":67235,"minecraft:fall_one_cm":5992,"minecraft:interact_with_furnace":5},"minecraft:killed":{"minecraft:sheep":4,"minecraft:skeleton":1,"alexsmobs:crow":1,"minecraft:spider":2,"majruszsdifficulty:cursed_armor":2},"minecraft:killed_by":{"minecraft:evoker":1,"majruszsdifficulty:cursed_armor":5,"minecraft:player":4,"simple_mobs:minotaur":1,"minecraft:skeleton":6,"minecraft:zombie":1}},"DataVersion":2975}