{"stats":{"minecraft:picked_up":{"apotheosis:gem":1,"minecraft:stick":2,"paraglider:spirit_orb":1,"minecraft:oak_log":6,"minecraft:dirt":16,"minecraft:bone":2,"minecraft:arrow":2,"minecraft:wheat_seeds":1,"minecraft:mutton":6,"untamedwilds:flora_yarrow":2,"minecraft:white_wool":4,"minecraft:cobblestone":29},"minecraft:crafted":{"minecraft:wooden_sword":1,"minecraft:oak_planks":24,"minecraft:stick":4,"minecraft:wooden_pickaxe":1,"minecraft:stone_pickaxe":1,"minecraft:stone_sword":1},"minecraft:used":{"minecraft:bread":1,"epicfight:glove":47,"minecraft:wooden_pickaxe":28,"minecraft:wooden_sword":17},"minecraft:mined":{"untamedwilds:flora_yarrow":2,"treechop:chopped_log":1,"minecraft:grass":8,"minecraft:grass_block":1,"minecraft:stone":27,"minecraft:oak_leaves":2},"minecraft:custom":{"minecraft:time_since_rest":2482,"champions:champion_mobs_killed":1,"minecraft:sprint_one_cm":28884,"minecraft:damage_taken":2438,"minecraft:walk_one_cm":295329,"minecraft:mob_kills":5,"minecraft:damage_dealt":508,"minecraft:talked_to_villager":1,"minecraft:damage_dealt_absorbed":21,"minecraft:interact_with_crafting_table":2,"minecraft:fly_one_cm":9043,"minecraft:open_chest":3,"minecraft:play_time":31235,"minecraft:deaths":7,"minecraft:jump":234,"minecraft:damage_dealt_resisted":109,"minecraft:leave_game":1,"minecraft:time_since_death":2417,"minecraft:sleep_in_bed":1,"minecraft:total_world_time":31235,"minecraft:fall_one_cm":5783},"minecraft:killed":{"minecraft:sheep":4,"minecraft:skeleton":1},"minecraft:killed_by":{"minecraft:evoker":1,"minecraft:skeleton":5,"minecraft:zombie":1}},"DataVersion":2975}