{"stats":{"minecraft:picked_up":{"minecraft:stick":2,"minecraft:wheat_seeds":1,"paraglider:spirit_orb":1,"minecraft:oak_log":6,"untamedwilds:flora_yarrow":2,"minecraft:mutton":6,"minecraft:white_wool":4},"minecraft:used":{"minecraft:bread":1,"epicfight:glove":47},"minecraft:mined":{"minecraft:grass":8,"untamedwilds:flora_yarrow":2,"treechop:chopped_log":1,"minecraft:oak_leaves":2},"minecraft:custom":{"minecraft:time_since_rest":2083,"minecraft:open_chest":3,"minecraft:play_time":19235,"minecraft:sprint_one_cm":9529,"minecraft:deaths":2,"minecraft:damage_taken":618,"minecraft:walk_one_cm":170310,"minecraft:mob_kills":4,"minecraft:jump":98,"minecraft:damage_dealt":320,"minecraft:leave_game":1,"minecraft:time_since_death":1727,"minecraft:total_world_time":19235,"minecraft:talked_to_villager":1,"minecraft:fall_one_cm":3003,"minecraft:fly_one_cm":4564},"minecraft:killed":{"minecraft:sheep":4},"minecraft:killed_by":{"minecraft:evoker":1,"minecraft:zombie":1}},"DataVersion":2975}