{"stats":{"minecraft:picked_up":{"dawncraft:crystallized_xp":1,"apotheosis:gem":1,"minecraft:stick":2,"minecraft:feather":1,"minecraft:enchanted_book":1,"paraglider:spirit_orb":1,"minecraft:oak_log":6,"minecraft:chainmail_chestplate":2,"minecraft:red_bed":1,"simple_mobs:blighted_meat":2,"minecraft:string":46,"minecraft:dirt":16,"minecraft:bone":4,"minecraft:arrow":6,"minecraft:wheat_seeds":2,"minecraft:hay_block":22,"minecraft:cobweb":5,"minecraft:mutton":6,"untamedwilds:flora_yarrow":2,"minecraft:white_wool":4,"minecraft:cobblestone":30},"minecraft:crafted":{"minecraft:wooden_sword":1,"minecraft:oak_planks":24,"minecraft:stick":8,"minecraft:wooden_pickaxe":1,"minecraft:stone_pickaxe":1,"minecraft:stone_sword":1,"minecraft:white_bed":1},"minecraft:dropped":{"minecraft:chainmail_chestplate":1},"minecraft:broken":{"minecraft:chainmail_chestplate":2,"minecraft:wooden_sword":1},"minecraft:used":{"minecraft:stone_sword":66,"minecraft:bread":3,"epicfight:glove":47,"minecraft:wooden_pickaxe":43,"minecraft:wooden_sword":53,"minecraft:white_bed":1},"minecraft:mined":{"untamedwilds:flora_yarrow":2,"minecraft:red_bed":1,"treechop:chopped_log":1,"minecraft:grass":8,"minecraft:grass_block":1,"minecraft:cobweb":53,"minecraft:tall_grass":1,"minecraft:cobblestone":1,"minecraft:stone":27,"minecraft:oak_leaves":2,"minecraft:hay_block":14},"minecraft:custom":{"lootr:looted_stat":6,"minecraft:time_since_rest":1938,"champions:champion_mobs_killed":4,"minecraft:sprint_one_cm":52708,"minecraft:damage_taken":6077,"minecraft:walk_one_cm":576028,"minecraft:mob_kills":9,"minecraft:drop":1,"minecraft:damage_dealt":1438,"minecraft:talked_to_villager":3,"minecraft:damage_dealt_absorbed":69,"minecraft:interact_with_crafting_table":3,"minecraft:player_kills":2,"minecraft:fly_one_cm":11467,"minecraft:open_barrel":12,"minecraft:open_chest":8,"minecraft:crouch_one_cm":10,"minecraft:play_time":55235,"minecraft:deaths":18,"minecraft:sneak_time":27,"minecraft:jump":329,"minecraft:damage_dealt_resisted":109,"minecraft:leave_game":1,"minecraft:time_since_death":1908,"minecraft:sleep_in_bed":1,"minecraft:climb_one_cm":10647,"minecraft:total_world_time":55235,"minecraft:fall_one_cm":5783,"minecraft:interact_with_furnace":5},"minecraft:killed":{"minecraft:sheep":4,"minecraft:skeleton":1,"alexsmobs:crow":1,"minecraft:spider":1,"majruszsdifficulty:cursed_armor":2},"minecraft:killed_by":{"minecraft:evoker":1,"majruszsdifficulty:cursed_armor":5,"minecraft:player":4,"simple_mobs:minotaur":1,"minecraft:skeleton":6,"minecraft:zombie":1}},"DataVersion":2975}