{"stats":{"minecraft:used":{"minecraft:stone_sword":193,"minecraft:stone_pickaxe":10,"minecraft:wooden_pickaxe":44,"minecraft:iron_sword":279,"minecraft:torch":21,"minecraft:dirt":20,"minecraft:crafting_table":1,"minecraft:white_bed":1,"minecraft:bread":13,"minecraft:iron_pickaxe":56,"epicfight:glove":47,"minecraft:gravel":2,"minecraft:stone_bricks":3,"minecraft:diamond_sword":175,"minecraft:wooden_sword":53,"minecraft:cobblestone":24,"minecraft:bow":2},"minecraft:mined":{"quark:red_corundum":3,"minecraft:red_carpet":1,"minecraft:tuff":1,"minecraft:red_bed":1,"minecraft:grass_block":1,"minecraft:tall_grass":1,"minecraft:cobblestone":18,"minecraft:wall_torch":3,"minecraft:spawner":1,"minecraft:hay_block":14,"untamedwilds:flora_yarrow":2,"immersive_weathering:mossy_stone":1,"treechop:chopped_log":1,"minecraft:stone_brick_stairs":1,"minecraft:grass":9,"minecraft:pointed_dripstone":6,"minecraft:dripstone_block":2,"minecraft:dirt":5,"minecraft:cobweb":53,"minecraft:cracked_stone_bricks":1,"minecraft:stone":54,"minecraft:stone_bricks":2,"minecraft:oak_leaves":2,"quark:red_corundum_cluster":4},"minecraft:broken":{"minecraft:chainmail_chestplate":2,"minecraft:wooden_sword":1,"minecraft:stone_sword":2,"minecraft:iron_sword":1},"minecraft:picked_up":{"dawncraft:crystallized_xp":2,"immersive_weathering:mossy_stone":1,"minecraft:feather":1,"minecraft:lead":2,"minecraft:enchanted_book":5,"paraglider:spirit_orb":1,"minecraft:stone_brick_stairs":6,"minecraft:oak_log":6,"minecraft:chainmail_chestplate":3,"minecraft:shield":1,"minecraft:string":47,"minecraft:dirt":21,"minecraft:red_bed":1,"minecraft:iron_shovel":1,"minecraft:red_carpet":1,"minecraft:bone":10,"minecraft:stone_bricks":5,"minecraft:wheat_seeds":2,"minecraft:cobweb":5,"minecraft:iron_pickaxe":1,"minecraft:oak_planks":4,"minecraft:egg":2,"minecraft:stick":2,"apotheosis:gem":1,"quark:red_corundum_cluster":6,"minecraft:torch":3,"minecraft:dripstone_block":2,"minecraft:gravel":2,"minecraft:pointed_dripstone":7,"simple_mobs:blighted_meat":2,"quark:red_corundum":2,"minecraft:spider_eye":1,"minecraft:stone_sword":1,"minecraft:arrow":9,"minecraft:rotten_flesh":19,"minecraft:stone_axe":1,"minecraft:hay_block":22,"minecraft:bread":29,"minecraft:mutton":6,"untamedwilds:flora_yarrow":2,"minecraft:white_wool":4,"minecraft:cobblestone":70},"minecraft:dropped":{"minecraft:iron_sword":1,"minecraft:enchanted_book":2,"minecraft:coal":12,"minecraft:chainmail_chestplate":1,"minecraft:trident":1,"minecraft:iron_pickaxe":2},"minecraft:custom":{"lootr:looted_stat":41,"minecraft:interact_with_furnace":5,"minecraft:mob_kills":48,"minecraft:interact_with_crafting_table":8,"minecraft:open_barrel":19,"minecraft:damage_dealt_resisted":109,"minecraft:leave_game":3,"minecraft:time_since_death":16153,"minecraft:sleep_in_bed":2,"minecraft:climb_one_cm":14055,"minecraft:time_since_rest":16220,"champions:champion_mobs_killed":32,"minecraft:sprint_one_cm":112016,"minecraft:damage_taken":7175,"minecraft:walk_one_cm":1322963,"minecraft:drop":8,"minecraft:damage_dealt":6259,"minecraft:fly_one_cm":21101,"minecraft:damage_dealt_absorbed":69,"minecraft:talked_to_villager":5,"minecraft:player_kills":3,"minecraft:open_chest":25,"minecraft:crouch_one_cm":8990,"minecraft:play_time":160492,"minecraft:deaths":21,"minecraft:sneak_time":5672,"minecraft:jump":845,"minecraft:interact_with_brewingstand":1,"minecraft:walk_on_water_one_cm":318,"minecraft:total_world_time":160492,"minecraft:fall_one_cm":10964},"minecraft:crafted":{"minecraft:wooden_sword":1,"minecraft:oak_planks":24,"minecraft:crafting_table":1,"minecraft:wooden_pickaxe":1,"minecraft:iron_sword":4,"minecraft:stick":16,"minecraft:stone_pickaxe":1,"minecraft:stone_sword":2,"minecraft:white_bed":1,"minecraft:torch":28},"minecraft:killed":{"minecraft:spider":2,"majruszsdifficulty:cursed_armor":2,"minecraft:sheep":4,"minecraft:skeleton":4,"minecraft:zombie":20,"minecraft:silverfish":4,"alexsmobs:crow":1},"minecraft:killed_by":{"minecraft:evoker":1,"minecraft:player":4,"simple_mobs:minotaur":1,"minecraft:skeleton":9,"minecraft:zombie":1,"majruszsdifficulty:cursed_armor":5}},"DataVersion":2975}