{"stats":{"minecraft:custom":{"minecraft:jump":47,"minecraft:open_chest":2,"minecraft:time_since_rest":4064,"minecraft:leave_game":1,"minecraft:sprint_one_cm":1488,"minecraft:deaths":1,"minecraft:play_time":13738,"minecraft:damage_taken":368,"minecraft:time_since_death":4001,"minecraft:walk_one_cm":83759,"minecraft:total_world_time":13738,"minecraft:talked_to_villager":1,"minecraft:fall_one_cm":1687,"minecraft:fly_one_cm":2588},"minecraft:picked_up":{"paraglider:spirit_orb":1},"minecraft:killed_by":{"minecraft:zombie":1}},"DataVersion":2975}