{"stats":{"minecraft:crafted":{"minecraft:oak_planks":20,"minecraft:crafting_table":1,"minecraft:wooden_pickaxe":1,"minecraft:furnace":1,"minecraft:air":32,"minecraft:iron_pickaxe":1,"minecraft:stick":8,"minecraft:iron_ingot":4,"quark:oak_chest":2,"minecraft:stone_pickaxe":1,"minecraft:wooden_axe":1,"minecraft:white_bed":1,"minecraft:acacia_planks":4},"minecraft:custom":{"lootr:looted_stat":12,"minecraft:interact_with_furnace":5,"minecraft:mob_kills":6,"minecraft:animals_bred":1,"minecraft:interact_with_crafting_table":10,"minecraft:open_barrel":1,"minecraft:leave_game":4,"minecraft:time_since_death":35089,"minecraft:sleep_in_bed":3,"minecraft:climb_one_cm":9479,"minecraft:time_since_rest":35202,"minecraft:waystone_activated":1,"champions:champion_mobs_killed":1,"minecraft:sprint_one_cm":359954,"minecraft:damage_taken":2485,"minecraft:walk_one_cm":2534491,"minecraft:drop":3,"minecraft:damage_dealt":564,"minecraft:talked_to_villager":5,"minecraft:fly_one_cm":102227,"minecraft:open_chest":30,"minecraft:crouch_one_cm":5681,"minecraft:play_time":290261,"minecraft:deaths":6,"minecraft:sneak_time":657,"minecraft:walk_under_water_one_cm":4976,"minecraft:jump":3242,"minecraft:interact_with_brewingstand":1,"minecraft:walk_on_water_one_cm":52237,"minecraft:total_world_time":290261,"minecraft:fall_one_cm":33578},"minecraft:picked_up":{"minecraft:crafting_table":1,"minecraft:wheat":4,"minecraft:coarse_dirt":2,"paraglider:spirit_orb":1,"minecraft:stone_brick_stairs":2,"minecraft:oak_log":12,"minecraft:dirt":22,"simple_mobs:lootbag":1,"minecraft:stone_bricks":3,"minecraft:cracked_stone_bricks":3,"minecraft:wheat_seeds":18,"minecraft:cobblestone_slab":1,"minecraft:mossy_stone_bricks":3,"minecraft:melon_slice":4,"minecraft:chest":3,"minecraft:acacia_sapling":2,"minecraft:egg":1,"minecraft:stick":10,"minecraft:raw_iron":12,"minecraft:smooth_basalt":3,"paraglider:essence":1,"immersive_weathering:acacia_bark":2,"minecraft:stone_brick_slab":1,"minecraft:acacia_log":1,"simple_mobs:ogreliver":1,"untamedwilds:flora_bush_temperate":1,"minecraft:quartz_pillar":10,"minecraft:mossy_stone_brick_slab":2,"immersive_weathering:stone_brick":1,"minecraft:mossy_cobblestone":2,"cloudstorage:balloon_bit":2,"cloudstorage:cloud_chest":1,"hexerei:sage_seed":6,"minecraft:stripped_acacia_log":1,"dannys_expansion:gel":1,"minecraft:oak_sapling":8,"minecraft:mutton":5,"minecraft:coal":8,"minecraft:white_wool":3,"minecraft:cobblestone":40},"minecraft:mined":{"minecraft:acacia_leaves":9,"minecraft:mossy_cobblestone":5,"minecraft:mossy_stone_brick_slab":2,"minecraft:stone_brick_slab":1,"minecraft:powder_snow":2,"minecraft:crafting_table":1,"untamedwilds:flora_bush_temperate":1,"minecraft:acacia_log":1,"minecraft:grass_block":9,"minecraft:chest":1,"minecraft:dead_bush":1,"minecraft:tall_grass":44,"minecraft:cobblestone":14,"minecraft:deepslate_coal_ore":6,"minecraft:coarse_dirt":3,"minecraft:mossy_cobblestone_slab":1,"minecraft:iron_ore":5,"immersive_weathering:humus":1,"minecraft:stone_brick_stairs":2,"minecraft:cobblestone_slab":1,"minecraft:grass":71,"minecraft:coal_ore":2,"minecraft:oak_log":14,"minecraft:deepslate_iron_ore":7,"minecraft:vine":61,"minecraft:dirt":12,"minecraft:stripped_acacia_log":1,"minecraft:cracked_stone_bricks":3,"minecraft:smooth_basalt":3,"minecraft:stone_bricks":3,"minecraft:stone":35,"minecraft:mossy_stone_bricks":3,"minecraft:oak_leaves":44,"minecraft:fern":5,"immersive_weathering:oak_leaf_pile":8},"minecraft:killed_by":{"simple_mobs:shade":1,"bloodandmadness:brainsucker":1,"minecraft:ravager":1,"guardvillagers:guard":1,"bloodandmadness:silverbeast":2},"minecraft:killed":{"dannys_expansion:mundane_slime":1,"minecraft:sheep":3,"alexsmobs:elephant":1},"minecraft:dropped":{"minecraft:dirt":3,"minecraft:acacia_sapling":2,"minecraft:chest":1},"minecraft:used":{"minecraft:stone_pickaxe":100,"minecraft:chest":2,"minecraft:wooden_pickaxe":13,"minecraft:iron_sword":17,"minecraft:dirt":6,"minecraft:spyglass":15,"minecraft:crafting_table":2,"minecraft:white_bed":1,"minecraft:wooden_axe":43,"minecraft:bread":25,"minecraft:cobblestone":14,"minecraft:bow":80,"minecraft:furnace":1,"quark:oak_chest":2,"minecraft:coarse_dirt":2}},"DataVersion":2975}