{"stats":{"minecraft:crafted":{"minecraft:oak_planks":4,"minecraft:crafting_table":1,"minecraft:stick":4,"minecraft:wooden_axe":1,"minecraft:air":8},"minecraft:used":{"minecraft:wooden_axe":15,"minecraft:bread":5,"minecraft:bow":8,"minecraft:crafting_table":1,"minecraft:coarse_dirt":2},"minecraft:killed":{"dannys_expansion:mundane_slime":1},"minecraft:custom":{"minecraft:time_since_rest":2962,"minecraft:waystone_activated":1,"lootr:looted_stat":2,"champions:champion_mobs_killed":1,"minecraft:sprint_one_cm":67392,"minecraft:damage_taken":683,"minecraft:walk_one_cm":646074,"minecraft:mob_kills":1,"minecraft:damage_dealt":64,"minecraft:talked_to_villager":1,"minecraft:interact_with_crafting_table":2,"minecraft:fly_one_cm":13204,"minecraft:open_chest":6,"minecraft:crouch_one_cm":2071,"minecraft:play_time":136650,"minecraft:deaths":2,"minecraft:sneak_time":300,"minecraft:walk_under_water_one_cm":3886,"minecraft:jump":907,"minecraft:leave_game":1,"minecraft:time_since_death":2853,"minecraft:walk_on_water_one_cm":35649,"minecraft:sleep_in_bed":3,"minecraft:total_world_time":136650,"minecraft:climb_one_cm":760,"minecraft:fall_one_cm":9742},"minecraft:mined":{"minecraft:acacia_leaves":2,"minecraft:coarse_dirt":2,"minecraft:grass":4,"minecraft:acacia_log":1,"minecraft:grass_block":1,"minecraft:oak_log":6,"minecraft:dirt":1,"minecraft:tall_grass":7,"minecraft:oak_leaves":17,"immersive_weathering:oak_leaf_pile":1},"minecraft:picked_up":{"minecraft:coarse_dirt":2,"minecraft:stick":5,"minecraft:wheat":1,"immersive_weathering:acacia_bark":1,"minecraft:acacia_log":1,"paraglider:spirit_orb":1,"minecraft:oak_log":6,"minecraft:dirt":2,"hexerei:sage_seed":1,"dannys_expansion:gel":1,"minecraft:wheat_seeds":4,"minecraft:oak_sapling":5,"minecraft:melon_slice":4},"minecraft:killed_by":{"simple_mobs:shade":1,"bloodandmadness:brainsucker":1}},"DataVersion":2975}