{"stats":{"minecraft:killed_by":{"simple_mobs:shade":1},"minecraft:killed":{"dannys_expansion:mundane_slime":1},"minecraft:used":{"minecraft:bow":7,"minecraft:bread":2},"minecraft:mined":{"minecraft:grass":2,"minecraft:tall_grass":5},"minecraft:custom":{"minecraft:waystone_activated":1,"minecraft:open_chest":5,"minecraft:time_since_rest":39343,"minecraft:crouch_one_cm":1137,"minecraft:play_time":100773,"champions:champion_mobs_killed":1,"minecraft:sprint_one_cm":43413,"minecraft:damage_taken":311,"minecraft:walk_one_cm":300647,"minecraft:sneak_time":56,"minecraft:walk_under_water_one_cm":3824,"minecraft:mob_kills":1,"minecraft:jump":347,"minecraft:damage_dealt":24,"minecraft:walk_on_water_one_cm":27261,"minecraft:time_since_death":39140,"minecraft:sleep_in_bed":1,"minecraft:total_world_time":100773,"minecraft:fall_one_cm":4848,"minecraft:fly_one_cm":6765,"minecraft:deaths":1},"minecraft:picked_up":{"hexerei:sage_seed":1,"minecraft:wheat":1,"dannys_expansion:gel":1,"minecraft:wheat_seeds":3,"paraglider:spirit_orb":1}},"DataVersion":2975}