{"stats":{"minecraft:crafted":{"minecraft:oak_planks":20,"minecraft:cooked_porkchop":3,"minecraft:crafting_table":1,"minecraft:wooden_pickaxe":1,"minecraft:furnace":1,"minecraft:air":32,"minecraft:iron_pickaxe":1,"minecraft:stick":8,"minecraft:iron_ingot":4,"quark:oak_chest":2,"minecraft:stone_pickaxe":1,"minecraft:wooden_axe":1,"minecraft:white_bed":1,"minecraft:acacia_planks":4,"minecraft:stone_hoe":1},"minecraft:custom":{"lootr:looted_stat":12,"minecraft:interact_with_furnace":14,"minecraft:mob_kills":12,"minecraft:animals_bred":1,"minecraft:interact_with_crafting_table":12,"minecraft:open_barrel":1,"minecraft:leave_game":5,"minecraft:time_since_death":18651,"minecraft:sleep_in_bed":4,"minecraft:climb_one_cm":9521,"minecraft:time_since_rest":7145,"minecraft:waystone_activated":1,"champions:champion_mobs_killed":2,"minecraft:sprint_one_cm":407121,"minecraft:damage_taken":2615,"minecraft:walk_one_cm":2746482,"minecraft:drop":3,"minecraft:damage_dealt":1121,"minecraft:talked_to_villager":5,"minecraft:fly_one_cm":111910,"minecraft:open_chest":36,"minecraft:crouch_one_cm":6085,"minecraft:play_time":309720,"minecraft:deaths":7,"minecraft:sneak_time":731,"minecraft:walk_under_water_one_cm":4976,"minecraft:jump":3558,"minecraft:interact_with_brewingstand":1,"minecraft:walk_on_water_one_cm":52765,"minecraft:total_world_time":309720,"minecraft:fall_one_cm":35843},"minecraft:picked_up":{"minecraft:charcoal":6,"minecraft:crafting_table":1,"minecraft:wheat":4,"minecraft:coarse_dirt":2,"paraglider:spirit_orb":1,"immersive_weathering:cracked_stone_brick_stairs":1,"minecraft:stone_brick_stairs":2,"minecraft:oak_log":12,"minecraft:dirt":27,"simple_mobs:lootbag":1,"minecraft:stone_bricks":3,"minecraft:cracked_stone_bricks":5,"minecraft:wheat_seeds":18,"minecraft:spruce_planks":1,"minecraft:cobblestone_slab":9,"minecraft:mossy_stone_bricks":3,"minecraft:spruce_slab":4,"minecraft:melon_slice":4,"minecraft:chest":3,"minecraft:acacia_sapling":2,"hexerei:animal_fat":3,"minecraft:egg":1,"minecraft:stick":11,"minecraft:raw_iron":13,"minecraft:smooth_basalt":3,"paraglider:essence":1,"immersive_weathering:acacia_bark":2,"minecraft:stone_brick_slab":5,"minecraft:acacia_log":1,"simple_mobs:ogreliver":1,"untamedwilds:flora_bush_temperate":1,"minecraft:porkchop":10,"minecraft:quartz_pillar":10,"minecraft:rotten_flesh":1,"minecraft:mossy_stone_brick_slab":6,"immersive_weathering:stone_brick":2,"minecraft:mossy_cobblestone":2,"cloudstorage:balloon_bit":2,"cloudstorage:cloud_chest":1,"hexerei:sage_seed":7,"minecraft:stripped_acacia_log":1,"dannys_expansion:gel":1,"minecraft:oak_sapling":8,"minecraft:mutton":5,"minecraft:coal":14,"minecraft:white_wool":3,"minecraft:cobblestone":41},"minecraft:mined":{"minecraft:acacia_leaves":9,"minecraft:spruce_planks":1,"minecraft:farmland":1,"minecraft:mossy_cobblestone":5,"minecraft:mossy_stone_brick_slab":6,"minecraft:stone_brick_slab":5,"minecraft:powder_snow":2,"minecraft:crafting_table":1,"untamedwilds:flora_bush_temperate":1,"minecraft:acacia_log":1,"minecraft:grass_block":9,"minecraft:chest":1,"minecraft:dead_bush":1,"minecraft:campfire":3,"minecraft:tall_grass":44,"minecraft:cobblestone":14,"minecraft:deepslate_coal_ore":7,"minecraft:coarse_dirt":3,"minecraft:mossy_cobblestone_slab":1,"minecraft:iron_ore":5,"immersive_weathering:cracked_stone_brick_stairs":1,"immersive_weathering:humus":4,"minecraft:stone_brick_stairs":2,"minecraft:cobblestone_slab":9,"minecraft:grass":74,"minecraft:coal_ore":7,"minecraft:oak_log":14,"minecraft:deepslate_iron_ore":8,"minecraft:vine":62,"minecraft:dirt":13,"minecraft:stripped_acacia_log":1,"minecraft:cracked_stone_bricks":5,"minecraft:smooth_basalt":3,"minecraft:stone_bricks":3,"minecraft:stone":36,"minecraft:mossy_stone_bricks":3,"minecraft:spruce_slab":4,"minecraft:oak_leaves":44,"minecraft:fern":5,"immersive_weathering:oak_leaf_pile":10},"minecraft:killed_by":{"simple_mobs:shade":1,"bloodandmadness:brainsucker":1,"minecraft:ravager":1,"guardvillagers:guard":1,"bloodandmadness:silverbeast":2},"minecraft:killed":{"minecraft:pig":5,"restored_earth:lobber_zombie":1,"dannys_expansion:mundane_slime":1,"minecraft:sheep":3,"alexsmobs:elephant":1},"minecraft:dropped":{"minecraft:dirt":3,"minecraft:acacia_sapling":2,"minecraft:chest":1},"minecraft:used":{"minecraft:stone_pickaxe":117,"minecraft:chest":2,"minecraft:wooden_pickaxe":13,"minecraft:iron_sword":26,"minecraft:stone_hoe":22,"minecraft:cracked_stone_bricks":1,"minecraft:dirt":9,"minecraft:spyglass":16,"minecraft:crafting_table":2,"minecraft:white_bed":1,"minecraft:wooden_axe":57,"minecraft:bread":25,"minecraft:iron_pickaxe":11,"minecraft:cobblestone":14,"minecraft:bow":80,"minecraft:cooked_porkchop":2,"minecraft:furnace":1,"quark:oak_chest":2,"minecraft:coarse_dirt":2}},"DataVersion":2975}