{"stats":{"minecraft:killed":{"dannys_expansion:mundane_slime":1},"minecraft:used":{"minecraft:bow":3},"minecraft:mined":{"minecraft:grass":2,"minecraft:tall_grass":5},"minecraft:custom":{"minecraft:jump":32,"minecraft:time_since_rest":16773,"minecraft:crouch_one_cm":576,"champions:champion_mobs_killed":1,"minecraft:sprint_one_cm":21138,"minecraft:play_time":16773,"minecraft:damage_taken":37,"minecraft:time_since_death":16773,"minecraft:walk_one_cm":58741,"minecraft:sneak_time":24,"minecraft:total_world_time":16773,"minecraft:mob_kills":1,"minecraft:fall_one_cm":2065,"minecraft:fly_one_cm":2268},"minecraft:picked_up":{"paraglider:spirit_orb":1,"dannys_expansion:gel":1}},"DataVersion":2975}