{"stats":{"minecraft:crafted":{"minecraft:oak_planks":20,"minecraft:crafting_table":1,"minecraft:stick":8,"minecraft:wooden_pickaxe":1,"minecraft:wooden_axe":1,"minecraft:acacia_planks":4,"minecraft:air":32},"minecraft:used":{"minecraft:wooden_axe":33,"minecraft:bread":5,"minecraft:wooden_pickaxe":9,"minecraft:dirt":3,"minecraft:bow":16,"minecraft:crafting_table":1,"minecraft:coarse_dirt":2},"minecraft:killed":{"dannys_expansion:mundane_slime":1,"alexsmobs:elephant":1},"minecraft:custom":{"minecraft:time_since_rest":11108,"minecraft:waystone_activated":1,"lootr:looted_stat":5,"champions:champion_mobs_killed":1,"minecraft:sprint_one_cm":79787,"minecraft:damage_taken":901,"minecraft:walk_one_cm":799641,"minecraft:mob_kills":2,"minecraft:damage_dealt":189,"minecraft:talked_to_villager":5,"minecraft:interact_with_crafting_table":3,"minecraft:fly_one_cm":17496,"minecraft:open_chest":6,"minecraft:crouch_one_cm":2346,"minecraft:play_time":148650,"minecraft:deaths":3,"minecraft:sneak_time":313,"minecraft:walk_under_water_one_cm":3886,"minecraft:jump":1062,"minecraft:leave_game":1,"minecraft:time_since_death":11051,"minecraft:walk_on_water_one_cm":36614,"minecraft:sleep_in_bed":3,"minecraft:total_world_time":148650,"minecraft:climb_one_cm":1639,"minecraft:fall_one_cm":9951},"minecraft:mined":{"minecraft:acacia_leaves":5,"minecraft:coarse_dirt":3,"minecraft:grass":4,"minecraft:acacia_log":1,"minecraft:grass_block":3,"minecraft:oak_log":12,"minecraft:dirt":4,"minecraft:stripped_acacia_log":1,"minecraft:tall_grass":8,"minecraft:smooth_basalt":3,"minecraft:stone":6,"minecraft:oak_leaves":40,"immersive_weathering:oak_leaf_pile":1},"minecraft:picked_up":{"minecraft:coarse_dirt":2,"minecraft:stick":10,"minecraft:wheat":1,"immersive_weathering:acacia_bark":2,"minecraft:acacia_log":1,"paraglider:spirit_orb":1,"minecraft:oak_log":12,"minecraft:dirt":7,"minecraft:stripped_acacia_log":1,"hexerei:sage_seed":1,"dannys_expansion:gel":1,"minecraft:wheat_seeds":4,"minecraft:oak_sapling":8,"minecraft:melon_slice":4,"minecraft:chest":1,"minecraft:acacia_sapling":2,"minecraft:cobblestone":6,"minecraft:smooth_basalt":3},"minecraft:killed_by":{"simple_mobs:shade":1,"guardvillagers:guard":1,"bloodandmadness:brainsucker":1}},"DataVersion":2975}