{"stats":{"minecraft:picked_up":{"minecraft:wheat":3,"minecraft:coarse_dirt":2,"paraglider:spirit_orb":1,"minecraft:oak_log":12,"minecraft:dirt":8,"simple_mobs:lootbag":1,"minecraft:wheat_seeds":8,"minecraft:melon_slice":4,"minecraft:chest":3,"minecraft:acacia_sapling":2,"minecraft:egg":1,"minecraft:stick":10,"minecraft:raw_iron":12,"minecraft:smooth_basalt":3,"paraglider:essence":1,"immersive_weathering:acacia_bark":2,"minecraft:acacia_log":1,"simple_mobs:ogreliver":1,"untamedwilds:flora_bush_temperate":1,"minecraft:mossy_cobblestone":1,"hexerei:sage_seed":1,"minecraft:stripped_acacia_log":1,"dannys_expansion:gel":1,"minecraft:oak_sapling":8,"minecraft:mutton":5,"minecraft:coal":8,"minecraft:white_wool":3,"minecraft:cobblestone":40},"minecraft:crafted":{"minecraft:oak_planks":20,"minecraft:crafting_table":1,"minecraft:wooden_pickaxe":1,"minecraft:furnace":1,"minecraft:air":32,"minecraft:stick":8,"quark:oak_chest":2,"minecraft:stone_pickaxe":1,"minecraft:wooden_axe":1,"minecraft:acacia_planks":4},"minecraft:dropped":{"minecraft:dirt":3,"minecraft:acacia_sapling":2,"minecraft:chest":1},"minecraft:used":{"minecraft:stone_pickaxe":79,"minecraft:chest":2,"minecraft:wooden_pickaxe":13,"minecraft:iron_sword":17,"minecraft:dirt":5,"minecraft:spyglass":14,"minecraft:crafting_table":1,"minecraft:wooden_axe":42,"minecraft:bread":20,"minecraft:cobblestone":14,"minecraft:bow":80,"minecraft:furnace":1,"quark:oak_chest":2,"minecraft:coarse_dirt":2},"minecraft:mined":{"minecraft:acacia_leaves":5,"minecraft:mossy_cobblestone":4,"untamedwilds:flora_bush_temperate":1,"minecraft:acacia_log":1,"minecraft:grass_block":3,"minecraft:chest":1,"minecraft:tall_grass":10,"minecraft:cobblestone":14,"minecraft:deepslate_coal_ore":6,"minecraft:coarse_dirt":3,"minecraft:mossy_cobblestone_slab":1,"minecraft:iron_ore":5,"immersive_weathering:humus":1,"minecraft:grass":5,"minecraft:coal_ore":2,"minecraft:oak_log":14,"minecraft:deepslate_iron_ore":7,"minecraft:vine":11,"minecraft:dirt":4,"minecraft:stripped_acacia_log":1,"minecraft:smooth_basalt":3,"minecraft:stone":35,"minecraft:oak_leaves":44,"immersive_weathering:oak_leaf_pile":4},"minecraft:custom":{"lootr:looted_stat":12,"minecraft:interact_with_furnace":3,"minecraft:mob_kills":6,"minecraft:animals_bred":1,"minecraft:interact_with_crafting_table":7,"minecraft:open_barrel":1,"minecraft:leave_game":3,"minecraft:time_since_death":50665,"minecraft:sleep_in_bed":3,"minecraft:climb_one_cm":8669,"minecraft:time_since_rest":50725,"minecraft:waystone_activated":1,"champions:champion_mobs_killed":1,"minecraft:sprint_one_cm":302947,"minecraft:damage_taken":2084,"minecraft:walk_one_cm":1957772,"minecraft:drop":3,"minecraft:damage_dealt":564,"minecraft:talked_to_villager":5,"minecraft:fly_one_cm":74545,"minecraft:open_chest":19,"minecraft:crouch_one_cm":3996,"minecraft:play_time":251306,"minecraft:deaths":5,"minecraft:sneak_time":522,"minecraft:walk_under_water_one_cm":3886,"minecraft:jump":2582,"minecraft:interact_with_brewingstand":1,"minecraft:walk_on_water_one_cm":45121,"minecraft:total_world_time":251306,"minecraft:fall_one_cm":25657},"minecraft:killed":{"dannys_expansion:mundane_slime":1,"minecraft:sheep":3,"alexsmobs:elephant":1},"minecraft:killed_by":{"simple_mobs:shade":1,"bloodandmadness:brainsucker":1,"guardvillagers:guard":1,"bloodandmadness:silverbeast":2}},"DataVersion":2975}