{"stats":{"minecraft:killed_by":{"simple_mobs:shade":1},"minecraft:killed":{"dannys_expansion:mundane_slime":1},"minecraft:used":{"minecraft:bow":7,"minecraft:bread":2},"minecraft:mined":{"minecraft:grass":2,"minecraft:tall_grass":5},"minecraft:custom":{"minecraft:waystone_activated":1,"minecraft:open_chest":5,"minecraft:time_since_rest":51343,"minecraft:crouch_one_cm":1206,"minecraft:play_time":112773,"champions:champion_mobs_killed":1,"minecraft:sprint_one_cm":49350,"minecraft:damage_taken":361,"minecraft:walk_one_cm":435039,"minecraft:sneak_time":59,"minecraft:walk_under_water_one_cm":3886,"minecraft:mob_kills":1,"minecraft:jump":614,"minecraft:damage_dealt":24,"minecraft:walk_on_water_one_cm":35432,"minecraft:time_since_death":51140,"minecraft:sleep_in_bed":1,"minecraft:total_world_time":112773,"minecraft:fall_one_cm":7404,"minecraft:fly_one_cm":8373,"minecraft:deaths":1},"minecraft:picked_up":{"hexerei:sage_seed":1,"minecraft:wheat":1,"dannys_expansion:gel":1,"minecraft:wheat_seeds":3,"paraglider:spirit_orb":1,"minecraft:melon_slice":4}},"DataVersion":2975}