{"stats":{"minecraft:used":{"minecraft:bread":5,"minecraft:bow":8,"minecraft:crafting_table":1},"minecraft:crafted":{"minecraft:oak_planks":4,"minecraft:crafting_table":1,"minecraft:stick":4,"minecraft:wooden_axe":1,"minecraft:air":8},"minecraft:killed":{"dannys_expansion:mundane_slime":1},"minecraft:mined":{"minecraft:grass":3,"minecraft:oak_log":3,"minecraft:tall_grass":5,"minecraft:oak_leaves":10,"immersive_weathering:oak_leaf_pile":1},"minecraft:custom":{"minecraft:time_since_rest":10113,"minecraft:waystone_activated":1,"lootr:looted_stat":2,"champions:champion_mobs_killed":1,"minecraft:sprint_one_cm":60041,"minecraft:damage_taken":361,"minecraft:walk_one_cm":545027,"minecraft:mob_kills":1,"minecraft:damage_dealt":34,"minecraft:talked_to_villager":1,"minecraft:interact_with_crafting_table":2,"minecraft:fly_one_cm":9744,"minecraft:open_chest":5,"minecraft:crouch_one_cm":1850,"minecraft:play_time":124650,"minecraft:deaths":1,"minecraft:sneak_time":246,"minecraft:walk_under_water_one_cm":3886,"minecraft:jump":748,"minecraft:leave_game":1,"minecraft:time_since_death":63017,"minecraft:walk_on_water_one_cm":35432,"minecraft:sleep_in_bed":2,"minecraft:total_world_time":124650,"minecraft:climb_one_cm":578,"minecraft:fall_one_cm":7613},"minecraft:picked_up":{"minecraft:stick":1,"minecraft:wheat":1,"paraglider:spirit_orb":1,"minecraft:oak_log":3,"hexerei:sage_seed":1,"dannys_expansion:gel":1,"minecraft:wheat_seeds":3,"minecraft:oak_sapling":2,"minecraft:melon_slice":4},"minecraft:killed_by":{"simple_mobs:shade":1}},"DataVersion":2975}