{"stats":{"minecraft:killed_by":{"simple_mobs:shade":1},"minecraft:killed":{"dannys_expansion:mundane_slime":1},"minecraft:used":{"minecraft:bow":4,"minecraft:bread":2},"minecraft:mined":{"minecraft:grass":2,"minecraft:tall_grass":5},"minecraft:custom":{"minecraft:waystone_activated":1,"minecraft:open_chest":4,"minecraft:time_since_rest":3343,"minecraft:crouch_one_cm":865,"minecraft:play_time":64773,"champions:champion_mobs_killed":1,"minecraft:sprint_one_cm":24228,"minecraft:damage_taken":311,"minecraft:walk_one_cm":223027,"minecraft:sneak_time":39,"minecraft:walk_under_water_one_cm":3824,"minecraft:mob_kills":1,"minecraft:jump":278,"minecraft:damage_dealt":24,"minecraft:walk_on_water_one_cm":26798,"minecraft:time_since_death":3140,"minecraft:sleep_in_bed":1,"minecraft:total_world_time":64773,"minecraft:fall_one_cm":4103,"minecraft:fly_one_cm":3618,"minecraft:deaths":1},"minecraft:picked_up":{"hexerei:sage_seed":1,"minecraft:wheat":1,"dannys_expansion:gel":1,"minecraft:wheat_seeds":3,"paraglider:spirit_orb":1}},"DataVersion":2975}