{"stats":{"minecraft:used":{"minecraft:stone_pickaxe":49,"minecraft:chest":2,"minecraft:wooden_pickaxe":13,"minecraft:dirt":5,"minecraft:spyglass":14,"minecraft:crafting_table":1,"minecraft:wooden_axe":42,"minecraft:bread":8,"minecraft:bow":17,"minecraft:furnace":1,"quark:oak_chest":2,"minecraft:coarse_dirt":2},"minecraft:crafted":{"minecraft:oak_planks":20,"minecraft:crafting_table":1,"minecraft:wooden_pickaxe":1,"minecraft:furnace":1,"minecraft:air":32,"minecraft:stick":8,"quark:oak_chest":2,"minecraft:stone_pickaxe":1,"minecraft:wooden_axe":1,"minecraft:acacia_planks":4},"minecraft:dropped":{"minecraft:dirt":3,"minecraft:acacia_sapling":2,"minecraft:chest":1},"minecraft:killed":{"dannys_expansion:mundane_slime":1,"alexsmobs:elephant":1},"minecraft:mined":{"minecraft:acacia_leaves":5,"minecraft:acacia_log":1,"minecraft:grass_block":3,"minecraft:chest":1,"minecraft:tall_grass":8,"minecraft:deepslate_coal_ore":3,"minecraft:coarse_dirt":3,"minecraft:mossy_cobblestone_slab":1,"immersive_weathering:humus":1,"minecraft:grass":4,"minecraft:oak_log":14,"minecraft:coal_ore":2,"minecraft:deepslate_iron_ore":4,"minecraft:vine":11,"minecraft:dirt":4,"minecraft:stripped_acacia_log":1,"minecraft:smooth_basalt":3,"minecraft:stone":35,"minecraft:oak_leaves":44,"immersive_weathering:oak_leaf_pile":4},"minecraft:custom":{"minecraft:interact_with_furnace":3,"lootr:looted_stat":11,"minecraft:mob_kills":2,"minecraft:interact_with_crafting_table":7,"minecraft:leave_game":1,"minecraft:time_since_death":59051,"minecraft:sleep_in_bed":3,"minecraft:climb_one_cm":7757,"minecraft:time_since_rest":59108,"minecraft:waystone_activated":1,"minecraft:sprint_one_cm":112489,"champions:champion_mobs_killed":1,"minecraft:damage_taken":1011,"minecraft:walk_one_cm":1127472,"minecraft:drop":3,"minecraft:damage_dealt":189,"minecraft:talked_to_villager":5,"minecraft:fly_one_cm":26563,"minecraft:open_chest":11,"minecraft:crouch_one_cm":2567,"minecraft:play_time":196650,"minecraft:deaths":3,"minecraft:sneak_time":381,"minecraft:walk_under_water_one_cm":3886,"minecraft:jump":1553,"minecraft:walk_on_water_one_cm":36614,"minecraft:total_world_time":196650,"minecraft:fall_one_cm":16049},"minecraft:picked_up":{"minecraft:coarse_dirt":2,"minecraft:wheat":1,"paraglider:spirit_orb":1,"minecraft:oak_log":12,"minecraft:dirt":8,"minecraft:wheat_seeds":4,"minecraft:melon_slice":4,"minecraft:chest":3,"minecraft:acacia_sapling":2,"minecraft:smooth_basalt":3,"minecraft:stick":10,"minecraft:raw_iron":4,"immersive_weathering:acacia_bark":2,"minecraft:acacia_log":1,"hexerei:sage_seed":1,"minecraft:stripped_acacia_log":1,"dannys_expansion:gel":1,"minecraft:oak_sapling":8,"minecraft:coal":5,"minecraft:cobblestone":35},"minecraft:killed_by":{"simple_mobs:shade":1,"bloodandmadness:brainsucker":1,"guardvillagers:guard":1}},"DataVersion":2975}