{"stats":{"minecraft:picked_up":{"habitat:kabloom_pulp":4,"minecraft:crafting_table":1,"minecraft:feather":3,"minecraft:chicken":4,"minecraft:leather":4,"minecraft:stone_slab":1,"paraglider:spirit_orb":1,"minecraft:oak_log":15,"minecraft:cornflower":1,"minecraft:dirt":134,"minecraft:apple":1,"minecraft:wheat_seeds":46,"minecraft:beef":5,"minecraft:poppy":1,"minecraft:spruce_slab":3,"hexerei:animal_fat":1,"minecraft:egg":3,"minecraft:stick":10,"minecraft:dark_oak_sapling":5,"minecraft:pumpkin":2,"minecraft:oak_fence":2,"minecraft:torch":1,"minecraft:dandelion":11,"untamedwilds:flora_bush_temperate":13,"minecraft:dark_oak_log":13,"hexerei:sage_seed":19,"dannys_expansion:gel":1,"pineapple_delight:pineapple_crop":8,"minecraft:wheat":12,"minecraft:black_wool":1,"undead_revamp2:arapholia":1,"minecraft:white_terracotta":3,"minecraft:oak_sapling":8,"minecraft:mutton":4,"minecraft:coal":33,"minecraft:white_wool":2,"minecraft:oxeye_daisy":2,"minecraft:cobblestone":307,"minecraft:sunflower":16},"minecraft:crafted":{"minecraft:cooked_beef":5,"minecraft:black_dye":2,"minecraft:oak_planks":64,"minecraft:stone_shovel":2,"minecraft:crafting_table":1,"minecraft:spruce_planks":4,"minecraft:wooden_pickaxe":2,"minecraft:cooked_chicken":4,"minecraft:furnace":1,"minecraft:cooked_salmon":3,"minecraft:stone_axe":1,"minecraft:cooked_mutton":4,"minecraft:dark_oak_door":3,"minecraft:dark_oak_fence":12,"minecraft:stick":48,"minecraft:stone_pickaxe":1,"paraglider:paraglider":1,"minecraft:dark_oak_fence_gate":1,"minecraft:dark_oak_planks":52,"minecraft:torch":16,"minecraft:stone_hoe":1,"minecraft:oak_fence":12},"minecraft:broken":{"minecraft:stone_pickaxe":1,"minecraft:wooden_pickaxe":2},"minecraft:used":{"minecraft:wheat_seeds":34,"minecraft:cooked_mutton":4,"minecraft:spruce_slab":3,"minecraft:stone_shovel":62,"minecraft:stone_pickaxe":249,"minecraft:poppy":1,"minecraft:wooden_pickaxe":113,"minecraft:cooked_salmon":3,"minecraft:stone_hoe":66,"minecraft:cooked_chicken":2,"minecraft:torch":17,"minecraft:dirt":130,"minecraft:spyglass":6,"minecraft:crafting_table":2,"minecraft:dark_oak_fence_gate":1,"minecraft:dark_oak_door":1,"minecraft:apple":2,"habitat:kabloom_pulp":1,"minecraft:bread":6,"minecraft:stone_slab":1,"epicfight:stone_greatsword":77,"minecraft:stone_axe":76,"minecraft:dark_oak_fence":10,"minecraft:furnace":1,"minecraft:oak_sapling":1,"minecraft:oak_fence":12,"untamedwilds:flora_bush_temperate":3,"minecraft:cooked_beef":5,"minecraft:egg":2},"minecraft:mined":{"undead_revamp2:arapholia":1,"habitat:kabloom_bush":4,"immersive_weathering:icicle":4,"minecraft:dark_oak_leaves":1,"minecraft:dandelion":10,"minecraft:oak_fence":2,"minecraft:powder_snow":10,"minecraft:cornflower":1,"minecraft:crafting_table":1,"minecraft:glow_lichen":2,"minecraft:torch":1,"untamedwilds:flora_bush_temperate":12,"minecraft:allium":1,"minecraft:grass_block":64,"minecraft:poppy":1,"minecraft:stone_slab":1,"minecraft:tall_grass":38,"minecraft:spruce_leaves":2,"minecraft:oxeye_daisy":2,"minecraft:white_terracotta":3,"immersive_weathering:humus":1,"minecraft:pumpkin":2,"treechop:chopped_log":3,"minecraft:grass":154,"minecraft:coal_ore":33,"minecraft:oak_log":1,"pineapple_delight:pineapple_wild_crop":8,"minecraft:sunflower":19,"minecraft:dirt":70,"minecraft:packed_ice":2,"immersive_weathering:ivy":2,"minecraft:stone":309,"immersive_weathering:oak_leaf_pile":6,"minecraft:infested_stone":1,"minecraft:fern":5,"minecraft:spruce_slab":2,"minecraft:oak_leaves":62},"minecraft:custom":{"minecraft:interact_with_furnace":10,"lootr:looted_stat":1,"minecraft:mob_kills":14,"minecraft:animals_bred":2,"minecraft:interact_with_crafting_table":31,"minecraft:leave_game":5,"minecraft:time_since_death":7817,"minecraft:sleep_in_bed":8,"minecraft:climb_one_cm":22788,"minecraft:time_since_rest":7845,"minecraft:waystone_activated":2,"champions:champion_mobs_killed":4,"minecraft:sprint_one_cm":606907,"minecraft:damage_taken":2443,"minecraft:walk_one_cm":1817291,"minecraft:damage_dealt":1755,"minecraft:damage_dealt_absorbed":36,"minecraft:talked_to_villager":1,"minecraft:fly_one_cm":210514,"minecraft:crouch_one_cm":939,"minecraft:play_time":204615,"minecraft:deaths":6,"minecraft:sneak_time":212,"minecraft:walk_under_water_one_cm":224,"minecraft:jump":4104,"minecraft:walk_on_water_one_cm":5349,"minecraft:horse_one_cm":1119,"minecraft:total_world_time":204615,"minecraft:fall_one_cm":37415},"minecraft:killed":{"dannys_expansion:floam":1,"dannys_expansion:mundane_slime":1,"minecraft:sheep":3,"minecraft:chicken":4,"minecraft:silverfish":3,"minecraft:cow":2},"minecraft:killed_by":{"minecraft:vindicator":1,"minecraft:pillager":1,"alexsmobs:bison":1,"dannys_expansion:floam":3}},"DataVersion":2975}