{"stats":{"minecraft:picked_up":{"habitat:kabloom_pulp":4,"minecraft:crafting_table":1,"minecraft:feather":3,"minecraft:chicken":4,"minecraft:leather":2,"minecraft:stone_slab":1,"paraglider:spirit_orb":1,"minecraft:oak_log":15,"minecraft:dirt":128,"minecraft:wheat_seeds":24,"minecraft:beef":3,"minecraft:poppy":1,"minecraft:spruce_slab":3,"hexerei:animal_fat":1,"minecraft:egg":3,"minecraft:dark_oak_sapling":5,"minecraft:stick":8,"minecraft:pumpkin":2,"minecraft:torch":1,"minecraft:dandelion":6,"untamedwilds:flora_bush_temperate":3,"minecraft:dark_oak_log":13,"hexerei:sage_seed":15,"dannys_expansion:gel":1,"minecraft:coal":4,"minecraft:white_wool":2,"minecraft:black_wool":1,"minecraft:white_terracotta":3,"minecraft:oxeye_daisy":1,"minecraft:oak_sapling":6,"minecraft:mutton":4,"undead_revamp2:arapholia":1,"minecraft:cobblestone":282,"minecraft:sunflower":16},"minecraft:crafted":{"minecraft:cooked_beef":3,"minecraft:black_dye":2,"minecraft:oak_planks":64,"minecraft:stone_shovel":2,"minecraft:crafting_table":1,"minecraft:spruce_planks":4,"minecraft:cooked_chicken":4,"minecraft:wooden_pickaxe":2,"minecraft:furnace":1,"minecraft:cooked_salmon":3,"minecraft:stone_axe":1,"minecraft:cooked_mutton":4,"minecraft:stick":48,"minecraft:stone_pickaxe":1,"minecraft:torch":16,"minecraft:dark_oak_planks":52,"minecraft:stone_hoe":1,"minecraft:oak_fence":12},"minecraft:broken":{"minecraft:stone_pickaxe":1,"minecraft:wooden_pickaxe":2},"minecraft:used":{"minecraft:oak_fence":4,"minecraft:cooked_mutton":2,"minecraft:wheat_seeds":16,"minecraft:stone_shovel":55,"minecraft:spruce_slab":3,"minecraft:stone_pickaxe":195,"minecraft:poppy":1,"minecraft:wooden_pickaxe":113,"minecraft:cooked_salmon":3,"minecraft:stone_hoe":45,"minecraft:cooked_chicken":2,"minecraft:torch":11,"minecraft:dirt":127,"minecraft:spyglass":6,"minecraft:crafting_table":2,"minecraft:apple":1,"habitat:kabloom_pulp":1,"minecraft:bread":6,"minecraft:stone_slab":1,"epicfight:stone_greatsword":73,"minecraft:stone_axe":69,"minecraft:furnace":1,"minecraft:oak_sapling":1,"untamedwilds:flora_bush_temperate":3,"minecraft:cooked_beef":3,"minecraft:egg":2},"minecraft:mined":{"undead_revamp2:arapholia":1,"habitat:kabloom_bush":4,"immersive_weathering:icicle":4,"minecraft:dark_oak_leaves":1,"minecraft:dandelion":6,"minecraft:powder_snow":10,"minecraft:torch":1,"minecraft:crafting_table":1,"minecraft:glow_lichen":2,"untamedwilds:flora_bush_temperate":2,"minecraft:allium":1,"minecraft:grass_block":57,"minecraft:poppy":1,"minecraft:stone_slab":1,"minecraft:tall_grass":37,"minecraft:oxeye_daisy":1,"minecraft:white_terracotta":3,"immersive_weathering:humus":1,"minecraft:pumpkin":2,"treechop:chopped_log":3,"minecraft:grass":127,"minecraft:coal_ore":4,"minecraft:oak_log":1,"minecraft:sunflower":19,"minecraft:dirt":70,"minecraft:packed_ice":2,"immersive_weathering:ivy":2,"minecraft:stone":284,"minecraft:infested_stone":1,"minecraft:spruce_slab":2,"minecraft:oak_leaves":1,"minecraft:fern":5,"immersive_weathering:oak_leaf_pile":6},"minecraft:custom":{"lootr:looted_stat":1,"minecraft:interact_with_furnace":9,"minecraft:mob_kills":12,"minecraft:interact_with_crafting_table":20,"minecraft:leave_game":4,"minecraft:time_since_death":51301,"minecraft:sleep_in_bed":7,"minecraft:climb_one_cm":17231,"minecraft:time_since_rest":15286,"minecraft:waystone_activated":2,"champions:champion_mobs_killed":4,"minecraft:sprint_one_cm":370790,"minecraft:damage_taken":1180,"minecraft:walk_one_cm":1206923,"minecraft:damage_dealt":971,"minecraft:fly_one_cm":101083,"minecraft:crouch_one_cm":796,"minecraft:play_time":142597,"minecraft:deaths":2,"minecraft:sneak_time":121,"minecraft:walk_under_water_one_cm":224,"minecraft:jump":2907,"minecraft:walk_on_water_one_cm":2862,"minecraft:horse_one_cm":1119,"minecraft:total_world_time":142597,"minecraft:fall_one_cm":28671},"minecraft:killed":{"minecraft:sheep":3,"dannys_expansion:mundane_slime":1,"minecraft:chicken":4,"minecraft:silverfish":3,"minecraft:cow":1},"minecraft:killed_by":{"minecraft:vindicator":1,"alexsmobs:bison":1}},"DataVersion":2975}