{"stats":{"minecraft:crafted":{"minecraft:oak_planks":24,"minecraft:crafting_table":1,"minecraft:spruce_planks":4,"minecraft:stick":16,"minecraft:wooden_pickaxe":2,"minecraft:furnace":1,"minecraft:cooked_salmon":3,"minecraft:oak_fence":12,"minecraft:cooked_mutton":2},"minecraft:used":{"minecraft:cooked_mutton":2,"minecraft:apple":1,"minecraft:spruce_slab":3,"minecraft:bread":6,"minecraft:poppy":1,"minecraft:wooden_pickaxe":26,"minecraft:cooked_salmon":1,"epicfight:stone_greatsword":13,"minecraft:dirt":59,"minecraft:spyglass":1,"minecraft:crafting_table":2,"minecraft:oak_sapling":1,"minecraft:furnace":1,"untamedwilds:flora_bush_temperate":3,"minecraft:egg":1},"minecraft:killed":{"minecraft:sheep":1},"minecraft:mined":{"immersive_weathering:icicle":4,"treechop:chopped_log":1,"minecraft:crafting_table":1,"minecraft:glow_lichen":2,"untamedwilds:flora_bush_temperate":2,"minecraft:grass":33,"minecraft:grass_block":49,"minecraft:oak_log":1,"minecraft:poppy":1,"minecraft:sunflower":13,"minecraft:dirt":11,"minecraft:packed_ice":2,"minecraft:tall_grass":22,"minecraft:stone":26,"minecraft:spruce_slab":2,"minecraft:oak_leaves":1,"immersive_weathering:oak_leaf_pile":5},"minecraft:custom":{"minecraft:time_since_rest":5409,"minecraft:waystone_activated":1,"minecraft:interact_with_furnace":5,"lootr:looted_stat":1,"minecraft:sprint_one_cm":174214,"minecraft:damage_taken":640,"minecraft:walk_one_cm":621562,"minecraft:mob_kills":1,"minecraft:damage_dealt":213,"minecraft:interact_with_crafting_table":10,"minecraft:fly_one_cm":57032,"minecraft:crouch_one_cm":713,"minecraft:play_time":73728,"minecraft:deaths":1,"minecraft:sneak_time":111,"minecraft:jump":1477,"minecraft:leave_game":3,"minecraft:time_since_death":56243,"minecraft:sleep_in_bed":4,"minecraft:total_world_time":73728,"minecraft:climb_one_cm":9460,"minecraft:fall_one_cm":18225,"minecraft:horse_one_cm":1119},"minecraft:picked_up":{"minecraft:stick":1,"minecraft:crafting_table":1,"untamedwilds:flora_bush_temperate":3,"paraglider:spirit_orb":1,"minecraft:oak_log":5,"minecraft:dirt":60,"hexerei:sage_seed":4,"minecraft:wheat_seeds":5,"minecraft:poppy":1,"minecraft:spruce_slab":3,"minecraft:oak_sapling":1,"minecraft:black_wool":1,"minecraft:mutton":2,"minecraft:cobblestone":26,"minecraft:sunflower":12,"minecraft:egg":1},"minecraft:killed_by":{"alexsmobs:bison":1}},"DataVersion":2975}