{"stats":{"minecraft:crafted":{"minecraft:oak_planks":20,"minecraft:crafting_table":1,"minecraft:stick":16,"minecraft:wooden_pickaxe":2},"minecraft:used":{"minecraft:apple":1,"minecraft:spruce_slab":3,"minecraft:bread":6,"minecraft:poppy":1,"minecraft:wooden_pickaxe":9,"epicfight:stone_greatsword":13,"minecraft:dirt":45,"minecraft:crafting_table":2,"untamedwilds:flora_bush_temperate":3,"minecraft:egg":1},"minecraft:killed":{"minecraft:sheep":1},"minecraft:mined":{"immersive_weathering:icicle":4,"treechop:chopped_log":1,"minecraft:crafting_table":1,"minecraft:glow_lichen":2,"untamedwilds:flora_bush_temperate":2,"minecraft:grass":32,"minecraft:grass_block":39,"minecraft:oak_log":1,"minecraft:poppy":1,"minecraft:sunflower":13,"minecraft:dirt":7,"minecraft:packed_ice":2,"minecraft:tall_grass":22,"minecraft:stone":9,"minecraft:spruce_slab":2,"minecraft:oak_leaves":1,"immersive_weathering:oak_leaf_pile":5},"minecraft:custom":{"minecraft:time_since_rest":6552,"minecraft:waystone_activated":1,"lootr:looted_stat":1,"minecraft:sprint_one_cm":147016,"minecraft:damage_taken":640,"minecraft:walk_one_cm":545788,"minecraft:mob_kills":1,"minecraft:damage_dealt":213,"minecraft:interact_with_crafting_table":5,"minecraft:fly_one_cm":50641,"minecraft:crouch_one_cm":713,"minecraft:play_time":61728,"minecraft:deaths":1,"minecraft:sneak_time":111,"minecraft:jump":1319,"minecraft:leave_game":3,"minecraft:time_since_death":44243,"minecraft:sleep_in_bed":3,"minecraft:total_world_time":61728,"minecraft:climb_one_cm":6002,"minecraft:fall_one_cm":17749,"minecraft:horse_one_cm":1119},"minecraft:picked_up":{"minecraft:stick":1,"minecraft:crafting_table":1,"untamedwilds:flora_bush_temperate":3,"paraglider:spirit_orb":1,"minecraft:oak_log":5,"minecraft:dirt":46,"hexerei:sage_seed":2,"minecraft:wheat_seeds":5,"minecraft:poppy":1,"minecraft:spruce_slab":3,"minecraft:oak_sapling":1,"minecraft:black_wool":1,"minecraft:mutton":2,"minecraft:cobblestone":8,"minecraft:sunflower":12,"minecraft:egg":1},"minecraft:killed_by":{"alexsmobs:bison":1}},"DataVersion":2975}