{"stats":{"minecraft:used":{"minecraft:dirt":5,"minecraft:spruce_slab":3,"minecraft:bread":5,"untamedwilds:flora_bush_temperate":2,"minecraft:poppy":1,"epicfight:stone_greatsword":11},"minecraft:custom":{"minecraft:time_since_rest":11160,"minecraft:crouch_one_cm":713,"minecraft:deaths":1,"minecraft:play_time":40873,"minecraft:sprint_one_cm":76290,"minecraft:damage_taken":480,"minecraft:walk_one_cm":293635,"minecraft:sneak_time":111,"minecraft:jump":863,"minecraft:damage_dealt":133,"minecraft:leave_game":3,"minecraft:time_since_death":23388,"minecraft:sleep_in_bed":1,"minecraft:climb_one_cm":2824,"minecraft:total_world_time":40873,"minecraft:fall_one_cm":15599,"minecraft:fly_one_cm":33052,"minecraft:horse_one_cm":1119},"minecraft:mined":{"untamedwilds:flora_bush_temperate":1,"minecraft:grass":3,"minecraft:grass_block":5,"minecraft:poppy":1,"immersive_weathering:icicle":4,"minecraft:dirt":1,"minecraft:packed_ice":2,"minecraft:tall_grass":6,"minecraft:oak_leaves":1,"minecraft:spruce_slab":2,"minecraft:glow_lichen":2},"minecraft:picked_up":{"untamedwilds:flora_bush_temperate":2,"paraglider:spirit_orb":1,"minecraft:poppy":1,"minecraft:spruce_slab":3,"minecraft:dirt":6},"minecraft:killed_by":{"alexsmobs:bison":1}},"DataVersion":2975}