{"stats":{"minecraft:used":{"minecraft:bread":3,"minecraft:poppy":1,"epicfight:stone_greatsword":11},"minecraft:mined":{"minecraft:grass":1,"minecraft:poppy":1,"immersive_weathering:icicle":4,"minecraft:packed_ice":2,"minecraft:tall_grass":4},"minecraft:custom":{"minecraft:time_since_rest":4116,"minecraft:crouch_one_cm":404,"minecraft:deaths":1,"minecraft:play_time":21325,"minecraft:sprint_one_cm":46734,"minecraft:damage_taken":450,"minecraft:walk_one_cm":163224,"minecraft:sneak_time":47,"minecraft:jump":504,"minecraft:damage_dealt":133,"minecraft:leave_game":2,"minecraft:time_since_death":3840,"minecraft:total_world_time":21325,"minecraft:fall_one_cm":11694,"minecraft:fly_one_cm":22455,"minecraft:horse_one_cm":1119},"minecraft:picked_up":{"paraglider:spirit_orb":1,"minecraft:poppy":1},"minecraft:killed_by":{"alexsmobs:bison":1}},"DataVersion":2975}