{"stats":{"minecraft:used":{"minecraft:spruce_slab":3,"minecraft:bread":6,"minecraft:poppy":1,"epicfight:stone_greatsword":13,"minecraft:dirt":6,"untamedwilds:flora_bush_temperate":3,"minecraft:egg":1},"minecraft:killed":{"minecraft:sheep":1},"minecraft:mined":{"immersive_weathering:icicle":4,"treechop:chopped_log":1,"minecraft:glow_lichen":2,"untamedwilds:flora_bush_temperate":2,"minecraft:grass":3,"minecraft:grass_block":6,"minecraft:oak_log":1,"minecraft:poppy":1,"minecraft:dirt":1,"minecraft:packed_ice":2,"minecraft:tall_grass":6,"minecraft:spruce_slab":2,"minecraft:oak_leaves":1,"immersive_weathering:oak_leaf_pile":5},"minecraft:custom":{"minecraft:time_since_rest":8134,"minecraft:waystone_activated":1,"minecraft:sprint_one_cm":145709,"minecraft:damage_taken":640,"minecraft:walk_one_cm":412369,"minecraft:mob_kills":1,"minecraft:damage_dealt":213,"minecraft:fly_one_cm":50385,"minecraft:crouch_one_cm":713,"minecraft:play_time":49728,"minecraft:deaths":1,"minecraft:sneak_time":111,"minecraft:jump":1118,"minecraft:leave_game":3,"minecraft:time_since_death":32243,"minecraft:sleep_in_bed":2,"minecraft:total_world_time":49728,"minecraft:climb_one_cm":3748,"minecraft:fall_one_cm":16853,"minecraft:horse_one_cm":1119},"minecraft:picked_up":{"minecraft:stick":1,"untamedwilds:flora_bush_temperate":3,"paraglider:spirit_orb":1,"minecraft:oak_log":5,"minecraft:dirt":7,"minecraft:poppy":1,"minecraft:spruce_slab":3,"minecraft:oak_sapling":1,"minecraft:black_wool":1,"minecraft:mutton":2,"minecraft:egg":1},"minecraft:killed_by":{"alexsmobs:bison":1}},"DataVersion":2975}