{"stats":{"minecraft:used":{"minecraft:wheat_seeds":16,"minecraft:cooked_mutton":2,"minecraft:stone_shovel":9,"minecraft:spruce_slab":3,"minecraft:poppy":1,"minecraft:wooden_pickaxe":67,"minecraft:cooked_salmon":3,"minecraft:stone_hoe":45,"minecraft:dirt":62,"minecraft:spyglass":3,"minecraft:crafting_table":2,"minecraft:apple":1,"habitat:kabloom_pulp":1,"minecraft:bread":6,"minecraft:stone_slab":1,"epicfight:stone_greatsword":65,"minecraft:stone_axe":36,"minecraft:furnace":1,"minecraft:oak_sapling":1,"untamedwilds:flora_bush_temperate":3,"minecraft:egg":2},"minecraft:crafted":{"minecraft:black_dye":2,"minecraft:oak_planks":64,"minecraft:stone_shovel":2,"minecraft:crafting_table":1,"minecraft:spruce_planks":4,"minecraft:wooden_pickaxe":2,"minecraft:furnace":1,"minecraft:cooked_salmon":3,"minecraft:stone_axe":1,"minecraft:cooked_mutton":2,"minecraft:stick":48,"minecraft:stone_pickaxe":1,"minecraft:dark_oak_planks":52,"minecraft:stone_hoe":1,"minecraft:oak_fence":12},"minecraft:killed":{"dannys_expansion:mundane_slime":1,"minecraft:sheep":1,"minecraft:silverfish":3},"minecraft:broken":{"minecraft:wooden_pickaxe":1},"minecraft:custom":{"lootr:looted_stat":1,"minecraft:interact_with_furnace":5,"minecraft:mob_kills":5,"minecraft:interact_with_crafting_table":17,"minecraft:leave_game":4,"minecraft:time_since_death":12513,"minecraft:sleep_in_bed":6,"minecraft:climb_one_cm":13442,"minecraft:time_since_rest":9495,"minecraft:waystone_activated":2,"champions:champion_mobs_killed":4,"minecraft:sprint_one_cm":267417,"minecraft:damage_taken":1170,"minecraft:walk_one_cm":908978,"minecraft:damage_dealt":558,"minecraft:fly_one_cm":78349,"minecraft:crouch_one_cm":713,"minecraft:play_time":103809,"minecraft:deaths":2,"minecraft:sneak_time":111,"minecraft:jump":2155,"minecraft:total_world_time":103809,"minecraft:horse_one_cm":1119,"minecraft:fall_one_cm":22828},"minecraft:mined":{"undead_revamp2:arapholia":1,"habitat:kabloom_bush":4,"immersive_weathering:icicle":4,"minecraft:dark_oak_leaves":1,"minecraft:dandelion":5,"minecraft:powder_snow":10,"minecraft:crafting_table":1,"minecraft:glow_lichen":2,"untamedwilds:flora_bush_temperate":2,"minecraft:allium":1,"minecraft:grass_block":52,"minecraft:poppy":1,"minecraft:stone_slab":1,"minecraft:tall_grass":37,"minecraft:oxeye_daisy":1,"minecraft:white_terracotta":3,"minecraft:pumpkin":2,"treechop:chopped_log":3,"minecraft:grass":111,"minecraft:oak_log":1,"minecraft:sunflower":16,"minecraft:dirt":27,"minecraft:packed_ice":2,"minecraft:stone":48,"minecraft:oak_leaves":1,"minecraft:spruce_slab":2,"immersive_weathering:oak_leaf_pile":5,"minecraft:fern":5,"minecraft:infested_stone":1},"minecraft:picked_up":{"habitat:kabloom_pulp":4,"minecraft:crafting_table":1,"minecraft:stone_slab":1,"paraglider:spirit_orb":1,"minecraft:oak_log":15,"minecraft:dirt":79,"minecraft:wheat_seeds":20,"minecraft:poppy":1,"minecraft:spruce_slab":3,"minecraft:egg":2,"minecraft:dark_oak_sapling":5,"minecraft:stick":8,"minecraft:pumpkin":2,"minecraft:dandelion":5,"untamedwilds:flora_bush_temperate":3,"minecraft:dark_oak_log":13,"hexerei:sage_seed":12,"dannys_expansion:gel":1,"undead_revamp2:arapholia":1,"minecraft:white_terracotta":3,"minecraft:oak_sapling":6,"minecraft:mutton":2,"minecraft:black_wool":1,"minecraft:sunflower":13,"minecraft:cobblestone":48,"minecraft:oxeye_daisy":1},"minecraft:killed_by":{"minecraft:vindicator":1,"alexsmobs:bison":1}},"DataVersion":2975}