{"stats":{"minecraft:crafted":{"minecraft:oak_planks":64,"minecraft:crafting_table":1,"minecraft:spruce_planks":4,"minecraft:wooden_pickaxe":2,"minecraft:furnace":1,"minecraft:cooked_salmon":3,"minecraft:cooked_mutton":2,"minecraft:stick":32,"minecraft:stone_hoe":1,"minecraft:oak_fence":12},"minecraft:used":{"minecraft:wheat_seeds":16,"minecraft:cooked_mutton":2,"minecraft:spruce_slab":3,"minecraft:poppy":1,"minecraft:wooden_pickaxe":58,"minecraft:cooked_salmon":3,"minecraft:stone_hoe":45,"minecraft:dirt":62,"minecraft:spyglass":1,"minecraft:crafting_table":2,"minecraft:apple":1,"minecraft:bread":6,"minecraft:stone_slab":1,"epicfight:stone_greatsword":63,"minecraft:stone_axe":10,"minecraft:furnace":1,"minecraft:oak_sapling":1,"untamedwilds:flora_bush_temperate":3,"minecraft:egg":2},"minecraft:killed":{"dannys_expansion:mundane_slime":1,"minecraft:sheep":1,"minecraft:silverfish":3},"minecraft:broken":{"minecraft:wooden_pickaxe":1},"minecraft:mined":{"immersive_weathering:icicle":4,"minecraft:dandelion":5,"minecraft:crafting_table":1,"minecraft:glow_lichen":2,"untamedwilds:flora_bush_temperate":2,"minecraft:allium":1,"minecraft:grass_block":52,"minecraft:poppy":1,"minecraft:stone_slab":1,"minecraft:tall_grass":37,"minecraft:oxeye_daisy":1,"minecraft:white_terracotta":3,"minecraft:pumpkin":2,"treechop:chopped_log":2,"minecraft:grass":109,"minecraft:oak_log":1,"minecraft:sunflower":16,"minecraft:dirt":11,"minecraft:packed_ice":2,"minecraft:stone":48,"minecraft:oak_leaves":1,"minecraft:spruce_slab":2,"immersive_weathering:oak_leaf_pile":5,"minecraft:fern":5,"minecraft:infested_stone":1},"minecraft:custom":{"lootr:looted_stat":1,"minecraft:interact_with_furnace":5,"minecraft:mob_kills":5,"minecraft:interact_with_crafting_table":11,"minecraft:leave_game":3,"minecraft:time_since_death":432,"minecraft:sleep_in_bed":5,"minecraft:climb_one_cm":11550,"minecraft:time_since_rest":694,"minecraft:waystone_activated":2,"champions:champion_mobs_killed":4,"minecraft:sprint_one_cm":236863,"minecraft:damage_taken":1010,"minecraft:walk_one_cm":824458,"minecraft:damage_dealt":558,"minecraft:fly_one_cm":73361,"minecraft:crouch_one_cm":713,"minecraft:play_time":91728,"minecraft:deaths":2,"minecraft:sneak_time":111,"minecraft:jump":1858,"minecraft:total_world_time":91728,"minecraft:horse_one_cm":1119,"minecraft:fall_one_cm":21243},"minecraft:picked_up":{"minecraft:crafting_table":1,"minecraft:stone_slab":1,"paraglider:spirit_orb":1,"minecraft:oak_log":15,"minecraft:dirt":63,"minecraft:wheat_seeds":20,"minecraft:poppy":1,"minecraft:spruce_slab":3,"minecraft:egg":2,"minecraft:stick":3,"minecraft:pumpkin":2,"minecraft:dandelion":5,"untamedwilds:flora_bush_temperate":3,"hexerei:sage_seed":12,"dannys_expansion:gel":1,"minecraft:white_terracotta":3,"minecraft:oak_sapling":6,"minecraft:mutton":2,"minecraft:black_wool":1,"minecraft:sunflower":13,"minecraft:cobblestone":48,"minecraft:oxeye_daisy":1},"minecraft:killed_by":{"minecraft:vindicator":1,"alexsmobs:bison":1}},"DataVersion":2975}